file_name,table_name,row_id,column_id,item_id,new_value,item_name,purchase_price,purchase_points,location_id
shop.bin.json,aston_s_ebisuya,0,replacement_item_id,6315,6315,Skill Book: Progressive Recovery From Food Up,274583,429,1
shop.bin.json,aston_s_ebisuya,1,replacement_item_id,6316,6316,Skill Book: Progressive Damage Up,56871,546,2
shop.bin.json,aston_s_ebisuya,2,replacement_item_id,6317,6317,Pepsi Nama,120551,583,3
shop.bin.json,aston_s_ebisuya,3,replacement_item_id,6318,6318,Sotenbori Gambling Hall Point Shop Unlock,149687,123,4
shop.bin.json,aston_s_ebisuya,4,replacement_item_id,6319,6319,DRAG-ON,18281,1257,5
shop.bin.json,aston_s_ebisuya,5,replacement_item_id,6320,6320,Heavy Suspension,329555,221,6
shop.bin.json,aston_s_ebisuya,6,replacement_item_id,6321,6321,Hoop Earrings,72164,292,7
shop.bin.json,aston_s_ebisuya,7,replacement_item_id,6322,6322,Skill Book: Twisting Ultimate Counter,26173,3163,8
shop.bin.json,aston_s_ebisuya,8,replacement_item_id,6323,6323,Skill Book: Smoky Heat Gauge,39120,125,9
shop.bin.json,aston_s_ebisuya,9,replacement_item_id,6324,6324,Imuraya Pizza Bun,54633,1348,10
shop.bin.json,aston_s_ebisuya,10,replacement_item_id,6325,6325,The Secret Ultimate Guide to Cooperative Fighting,80514,141,11
shop.bin.json,aston_s_ebisuya,11,replacement_item_id,6326,6326,Hyottoko Mask,147275,697,12
shop.bin.json,aston_s_ebisuya,12,replacement_item_id,6327,6327,Pork Tonkatsu Bento,10003,1832,13
shop.bin.json,aston_s_ebisuya,13,replacement_item_id,6328,6328,Toughness ZZ,38094,171,14
shop.bin.json,aston_s_ebisuya,14,replacement_item_id,6329,6329,High-end Timepiece,156522,470,15
shop.bin.json,aston_s_ebisuya,15,replacement_item_id,6330,6330,Skill Book: Progressive HP Up,22841,1308,16
shop.bin.json,aston_s_ebisuya,16,replacement_item_id,6331,6331,Tauriner,144139,1725,17
shop.bin.json,aston_s_ebisuya,17,replacement_item_id,6332,6332,Fresh Lettuce Sandwich,246006,189,18
shop.bin.json,aston_s_pokecir_parts,0,replacement_item_id,6333,6333,The Basic Guide to Cooperative Fighting,175279,1450,19
shop.bin.json,aston_s_pokecir_parts,1,replacement_item_id,6334,6334,Pocket Tissues,105260,385,20
shop.bin.json,aston_s_pokecir_parts,2,replacement_item_id,6335,6335,Legend Darts,205847,1634,21
shop.bin.json,aston_s_pokecir_parts,3,replacement_item_id,6336,6336,Skill Book: Progressive HP Up,64630,1269,22
shop.bin.json,aston_s_pokecir_parts,4,replacement_item_id,6337,6337,Payback Ring,41977,1267,23
shop.bin.json,aston_s_pokecir_parts,5,replacement_item_id,6338,6338,Golden Ball,25136,684,24
shop.bin.json,aston_s_pokecir_parts,6,replacement_item_id,6339,6339,C.C. Lemon,454636,171,25
shop.bin.json,aston_s_pokecir_parts,7,replacement_item_id,6340,6340,Refressment of the Sky King,47686,3941,26
shop.bin.json,aston_s_pokecir_parts,8,replacement_item_id,6341,6341,High-end Timepiece,74845,486,27
shop.bin.json,aston_s_pokecir_parts,9,replacement_item_id,6342,6342,Indra's Amulet,418372,1152,28
shop.bin.json,aston_s_pokecir_parts,10,replacement_item_id,6343,6343,Skill Book: Progressive HP Up,505206,314,29
shop.bin.json,aston_s_pokecir_parts,11,replacement_item_id,6344,6344,Boost Gears,226904,232,30
shop.bin.json,aston_s_pokecir_parts,12,replacement_item_id,6345,6345,Ono Michio Pixel Figure,174726,891,31
shop.bin.json,aston_s_pokecir_parts,13,replacement_item_id,6346,6346,Bento Lunch Set,184070,327,32
shop.bin.json,aston_s_pokecir_parts,14,replacement_item_id,6347,6347,Extra Soft Tires,297747,326,33
shop.bin.json,aston_s_pokecir_parts,15,replacement_item_id,6348,6348,Trinity Circle Earrings,77065,311,34
shop.bin.json,aston_s_pokecir_parts,16,replacement_item_id,6349,6349,Luxury Timepiece,90152,151,35
shop.bin.json,aston_s_pokecir_parts,17,replacement_item_id,6350,6350,Sotenbori Ebisuya Pawn Shop Unlock,127877,488,36
shop.bin.json,aston_s_pokecir_parts,18,replacement_item_id,6351,6351,Skill Book: Progressive Extra Shoe Boost,55493,1361,37
shop.bin.json,aston_s_pokecir_parts,19,replacement_item_id,6352,6352,Star Crossed Earrings,71116,750,38
shop.bin.json,aston_s_pokecir_parts,20,replacement_item_id,6353,6353,Suntory Oolong Tea,276538,214,39
shop.bin.json,aston_s_pokecir_parts,21,replacement_item_id,6354,6354,Yokohama Shogi Point Shop Unlock,48479,147,40
shop.bin.json,aston_s_pokecir_parts,22,replacement_item_id,6355,6355,The Basics of Shogi,62473,973,41
shop.bin.json,aston_s_pokecir_parts,23,replacement_item_id,6356,6356,Bust Amulet,33291,1200,42
shop.bin.json,aston_s_pokecir_parts,24,replacement_item_id,6357,6357,Golem Tiger,34936,264,43
shop.bin.json,aston_s_pokecir_parts,25,replacement_item_id,6358,6358,Mevius,187648,459,44
shop.bin.json,aston_s_pokecir_parts,26,replacement_item_id,6359,6359,Tauriner Maximum,629802,410,45
shop.bin.json,aston_s_pokecir_parts,27,replacement_item_id,6360,6360,Sotenbori Golf Point Shop Unlock,189956,352,46
shop.bin.json,aston_s_pokecir_parts,28,replacement_item_id,6361,6361,Baseball Cap,48944,1025,47
shop.bin.json,aston_s_pokecir_parts,29,replacement_item_id,6362,6362,Skill Book: HA: Essence of Double Crush,20368,1201,48
shop.bin.json,aston_s_pokecir_parts,30,replacement_item_id,6363,6363,Quality Egg,504465,266,49
shop.bin.json,aston_s_pokecir_parts,31,replacement_item_id,6364,6364,Star Crossed Earrings,258496,280,50
shop.bin.json,aston_s_pokecir_parts,32,replacement_item_id,6365,6365,Smile Fries (Takeout),330230,3360,51
shop.bin.json,aston_s_pokecir_parts,33,replacement_item_id,6366,6366,Bento Lunch Set,12071,4800,52
shop.bin.json,aston_s_pokecir_parts,34,replacement_item_id,6367,6367,Chainmail,45340,158,53
shop.bin.json,aston_s_pokecir_parts,35,replacement_item_id,6368,6368,Extra Power Gears,407107,298,54
shop.bin.json,aston_s_pokecir_parts,36,replacement_item_id,6369,6369,Mountain Dew,60835,462,55
shop.bin.json,aston_s_pokecir_parts,37,replacement_item_id,6370,6370,Skill Book: Sticky Threads,12080,3036,56
shop.bin.json,aston_s_pokecir_parts,38,replacement_item_id,6371,6371,Skill Book: Progressive Extra Bomb,153112,520,57
shop.bin.json,aston_s_pokecir_parts,39,replacement_item_id,6372,6372,Super Devil Killer,26338,119,58
shop.bin.json,aston_s_pokecir_parts,40,replacement_item_id,6373,6373,Skill Book: Daidoji Evasive Strike,475638,1051,59
shop.bin.json,aston_s_pokecir_parts,41,replacement_item_id,6374,6374,Imuraya Bean Paste Bun,55329,440,60
shop.bin.json,aston_s_pokecir_parts,42,replacement_item_id,6375,6375,Extra Balanced Gears,90584,755,61
shop.bin.json,aston_s_pokecir_parts,43,replacement_item_id,6376,6376,Suntory Green Tea Iyemon,223427,383,62
shop.bin.json,aston_s_pokecir_parts,44,replacement_item_id,6377,6377,Skill Book: The Countdown,171177,688,63
shop.bin.json,aston_s_pokecir_parts,45,replacement_item_id,6378,6378,Balanced Frame Plus,345142,3254,64
shop.bin.json,aston_s_pokecir_parts,46,replacement_item_id,6379,6379,Dragon Mask,644220,196,65
shop.bin.json,aston_s_pokecir_parts,47,replacement_item_id,6380,6380,Skill Book: Progressive Extreme Heat Damage Up,90060,409,66
shop.bin.json,aston_s_pokecir_parts,48,replacement_item_id,6381,6381,Bloody Talisman,41154,396,67
shop.bin.json,aston_s_pokecir_parts,49,replacement_item_id,6382,6382,Refressment of the Sky King,142501,1523,68
shop.bin.json,aston_s_pokecir_parts,50,replacement_item_id,6383,6383,Byakko Bracelet,76849,381,69
shop.bin.json,aston_s_pokecir_parts,51,replacement_item_id,6384,6384,Super Spiked Tires,73782,129,70
shop.bin.json,aston_s_pokecir_parts,52,replacement_item_id,6385,6385,Staminan Royalle,72677,362,71
shop.bin.json,aston_s_pokecir_parts,53,replacement_item_id,6386,6386,Fighter's Binding,77371,322,72
shop.bin.json,aston_s_pokecir_parts,54,replacement_item_id,6387,6387,Skill Book: Progressive HP Up,139258,159,73
shop.bin.json,aston_s_pokecir_parts,55,replacement_item_id,6388,6388,Super Rocket Frame,278451,680,74
shop.bin.json,aston_s_pokecir_parts,56,replacement_item_id,6389,6389,Skill Book: Progressive Damage Up,22541,1740,75
shop.bin.json,aston_s_pokecir_parts,57,replacement_item_id,6390,6390,Ultra Speed Motor,70623,217,76
shop.bin.json,aston_s_pokecir_parts,58,replacement_item_id,6391,6391,Skill Book: Extreme Heat Critical Damage,63400,111,77
shop.bin.json,aston_s_pokecir_parts,59,replacement_item_id,6392,6392,Skill Book: Progressive Damage Up,66420,312,78
shop.bin.json,aston_s_pokecir_parts,60,replacement_item_id,6393,6393,Skill Book: Progressive Damage Up,166916,3115,79
shop.bin.json,aston_s_pokecir_parts,61,replacement_item_id,6394,6394,Oden,248627,431,80
shop.bin.json,aston_s_pokecir_parts,62,replacement_item_id,6395,6395,Extra Slick Tires,137856,441,81
shop.bin.json,aston_s_pokecir_parts,63,replacement_item_id,6396,6396,Suzaku Bracelet,288888,1572,82
shop.bin.json,aston_s_pokecir_parts,64,replacement_item_id,6397,6397,Egg,10975,611,83
shop.bin.json,aston_s_pokecir_parts,65,replacement_item_id,6398,6398,Skill Book: Progressive HP Up,207384,768,84
shop.bin.json,aston_s_pokecir_parts,66,replacement_item_id,6399,6399,Skill Book: Tiger Drop,25357,1833,85
shop.bin.json,aston_s_pokecir_parts,67,replacement_item_id,6400,6400,Carnation,70914,688,86
shop.bin.json,aston_s_pokecir_parts,68,replacement_item_id,6401,6401,Extra Low Profile Tires,6774,408,87
shop.bin.json,aston_s_pokecir_parts,69,replacement_item_id,6402,6402,Bust Amulet,292387,2536,88
shop.bin.json,aston_s_pokecir_parts,70,replacement_item_id,6403,6403,Wonton Harusame,172845,4369,89
shop.bin.json,aston_s_pokecir_parts,71,replacement_item_id,6404,6404,Skill Book: Progressive Extra Wire,973338,107,90
shop.bin.json,aston_s_pokecir_parts,72,replacement_item_id,6405,6405,Staminan Light,70791,638,91
shop.bin.json,aston_s_pokecir_parts,73,replacement_item_id,6406,6406,Luxury Timepiece,38149,309,92
shop.bin.json,aston_s_pokecir_parts,74,replacement_item_id,6407,6407,Yokohama Gambling Hall Point Shop Unlock,57799,1511,93
shop.bin.json,aston_s_pokecir_parts,75,replacement_item_id,6408,6408,Skill Book: Progressive HP Up,19331,188,94
shop.bin.json,aston_s_pokecir_parts,76,replacement_item_id,6409,6409,SEGA Taiyaki,4961,1202,95
shop.bin.json,aston_s_pokecir_parts,77,replacement_item_id,6410,6410,Blesswood Armor Replica,252558,904,96
shop.bin.json,aston_s_pokecir_parts,78,replacement_item_id,6411,6411,Bloody Ring,51361,881,97
shop.bin.json,aston_s_pokecir_parts,79,replacement_item_id,6412,6412,Skill Book: No Reservations,17818,4778,98
shop.bin.json,aston_s_pokecir_parts,80,replacement_item_id,6413,6413,Sneakers,526918,1735,99
shop.bin.json,aston_s_pokecir_parts,81,replacement_item_id,6414,6414,Seiryu Bracelet,63263,1580,100
shop.bin.json,aston_s_pokecir_parts,82,replacement_item_id,6415,6415,Kitty Kat (Tiger),651090,1062,101
shop.bin.json,aston_s_pokecir_parts,83,replacement_item_id,6416,6416,Ono Michio Head,73667,658,102
shop.bin.json,aston_s_pokecir_parts,84,replacement_item_id,6417,6417,Ichiban Senbei (Salt),31695,3102,103
shop.bin.json,aston_s_pokecir_parts,85,replacement_item_id,6418,6418,Tooghness Infinity,57712,1540,104
shop.bin.json,aston_s_pokecir_parts,86,replacement_item_id,6419,6419,Skill Book: HA: Daidoji Bear Trap,79079,1478,105
shop.bin.json,aston_s_pokecir_parts,87,replacement_item_id,6420,6420,Snake Eyepatch,74269,1764,106
shop.bin.json,aston_s_pokecir_parts,88,replacement_item_id,6421,6421,Skill Book: Daidoji Trip Wire,78818,113,107
shop.bin.json,aston_s_pokecir_parts,89,replacement_item_id,6422,6422,Skill Book: Progressive Damage Up,51524,472,108
shop.bin.json,aston_s_pokecir_parts,90,replacement_item_id,6423,6423,Wakame Ramen Sesame Soy Sauce,189150,574,109
shop.bin.json,aston_s_pokecir_parts,91,replacement_item_id,6424,6424,Shoes,377591,199,110
shop.bin.json,aston_s_pokecir_parts,92,replacement_item_id,6425,6425,Yakuza Dress Up Badge (Hex),294812,879,111
shop.bin.json,aston_s_pokecir_parts,93,replacement_item_id,6426,6426,Tauriner,63757,1764,112
shop.bin.json,aston_s_pokecir_parts,94,replacement_item_id,6427,6427,Skill Book: Progressive Extra Bomb,771464,3680,113
talk_coinlocker_locker.bin.json,aston_coinlocker,1,replacement_item_id,6428,6428,Skill Book: Progressive Extra Drone,75428,674,114
talk_coinlocker_locker.bin.json,aston_coinlocker,2,replacement_item_id,6429,6429,Drink to the Last Drop Dandan Noodles,45219,626,115
talk_coinlocker_locker.bin.json,aston_coinlocker,3,replacement_item_id,6430,6430,Skill Book: Progressive Heat Gauge Up,400541,218,116
talk_coinlocker_locker.bin.json,aston_coinlocker,4,replacement_item_id,6431,6431,Tauriner,131291,236,117
talk_coinlocker_locker.bin.json,aston_coinlocker,5,replacement_item_id,6432,6432,Business Shoes,69520,799,118
talk_coinlocker_locker.bin.json,aston_coinlocker,6,replacement_item_id,6433,6433,Sake,74064,399,119
talk_coinlocker_locker.bin.json,aston_coinlocker,7,replacement_item_id,6434,6434,Bare Feet,48211,403,120
talk_coinlocker_locker.bin.json,aston_coinlocker,8,replacement_item_id,6435,6435,Extra Rubber Frame,15266,460,121
talk_coinlocker_locker.bin.json,aston_coinlocker,9,replacement_item_id,6436,6436,Ultra Soft Tires,8944,1138,122
talk_coinlocker_locker.bin.json,aston_coinlocker,10,replacement_item_id,6437,6437,Okonomiyaki (Mentai Mayo),63757,1706,123
talk_coinlocker_locker.bin.json,aston_coinlocker,11,replacement_item_id,6438,6438,Pepsi Nama,147349,450,124
talk_coinlocker_locker.bin.json,aston_coinlocker,12,replacement_item_id,6439,6439,Skill Book: Heat Gauge Auto Charge,26842,1423,125
talk_coinlocker_locker.bin.json,aston_coinlocker,13,replacement_item_id,6440,6440,Sotenbori Wannpark Shop Unlock,58671,113,126
talk_coinlocker_locker.bin.json,aston_coinlocker,14,replacement_item_id,6441,6441,Suntory Goma Mugicha,37651,1984,127
talk_coinlocker_locker.bin.json,aston_coinlocker,15,replacement_item_id,6442,6442,Oragamachi Natto,325836,1778,128
talk_coinlocker_locker.bin.json,aston_coinlocker,16,replacement_item_id,6443,6443,Twinkle Heart Ring,10117,1521,129
talk_coinlocker_locker.bin.json,aston_coinlocker,17,replacement_item_id,6444,6444,Skill Book: Rakushasa Strikes,22179,2485,130
talk_coinlocker_locker.bin.json,aston_coinlocker,18,replacement_item_id,6445,6445,Standard Timepiece,489611,331,131
talk_coinlocker_locker.bin.json,aston_coinlocker,19,replacement_item_id,6446,6446,Luxury Yakiniku Bento,13454,700,132
talk_coinlocker_locker.bin.json,aston_coinlocker,20,replacement_item_id,6447,6447,Green Gem Bracelet,43165,476,133
talk_coinlocker_locker.bin.json,aston_coinlocker,21,replacement_item_id,6448,6448,Skill Book: Progressive Equipment Up,343396,1081,134
talk_coinlocker_locker.bin.json,aston_coinlocker,22,replacement_item_id,6449,6449,Balanced Motor,53809,150,135
talk_coinlocker_locker.bin.json,aston_coinlocker,23,replacement_item_id,6450,6450,Wonton Harusame,648141,491,136
talk_coinlocker_locker.bin.json,aston_coinlocker,24,replacement_item_id,6451,6451,Imuraya Gold Steamed Bun,32545,2114,137
talk_coinlocker_locker.bin.json,aston_coinlocker,25,replacement_item_id,6452,6452,Construction Company Helmet,66213,197,138
talk_coinlocker_locker.bin.json,aston_coinlocker,26,replacement_item_id,6453,6453,Contact Lenses,53092,1241,139
talk_coinlocker_locker.bin.json,aston_coinlocker,27,replacement_item_id,6454,6454,Extra Regular Gears,15298,106,140
talk_coinlocker_locker.bin.json,aston_coinlocker,28,replacement_item_id,6455,6455,Sengoku Fundoshi,173963,289,141
talk_coinlocker_locker.bin.json,aston_coinlocker,29,replacement_item_id,6456,6456,Extra Rocket Frame,31998,642,142
talk_coinlocker_locker.bin.json,aston_coinlocker,30,replacement_item_id,6457,6457,Golden Ball,61614,1719,143
talk_coinlocker_locker.bin.json,aston_coinlocker,31,replacement_item_id,6458,6458,Skill Book: Progressive Evasion Up in ExH,689106,2134,144
talk_coinlocker_locker.bin.json,aston_coinlocker,32,replacement_item_id,6459,6459,Skill Book: Triple Quickstep,8292,374,145
talk_coinlocker_locker.bin.json,aston_coinlocker,33,replacement_item_id,6460,6460,Black Medical Mask,475761,1386,146
talk_coinlocker_locker.bin.json,aston_coinlocker,34,replacement_item_id,6461,6461,Skill Book: Progressive Extra Bomb,966954,776,147
talk_coinlocker_locker.bin.json,aston_coinlocker,35,replacement_item_id,6462,6462,Oden,34417,2648,148
talk_coinlocker_locker.bin.json,aston_coinlocker,36,replacement_item_id,6463,6463,Skill Book: Wrathful Kick,29281,2351,149
talk_coinlocker_locker.bin.json,aston_coinlocker,37,replacement_item_id,6464,6464,Skill Book: Progressive HP Up,20856,1067,150
talk_coinlocker_locker.bin.json,aston_coinlocker,38,replacement_item_id,6465,6465,Skill Book: Progressive Damage Up,69560,1867,151
talk_coinlocker_locker.bin.json,aston_coinlocker,39,replacement_item_id,6466,6466,Kitty Kat (Tiger),314699,418,152
talk_coinlocker_locker.bin.json,aston_coinlocker,40,replacement_item_id,6467,6467,Skill Book: Hornet Durability Boost,219831,1677,153
talk_coinlocker_locker.bin.json,aston_coinlocker,41,replacement_item_id,6468,6468,Pepsi Nama,100270,966,154
talk_coinlocker_locker.bin.json,aston_coinlocker,42,replacement_item_id,6469,6469,Ultra Power Gears,253198,363,155
talk_coinlocker_locker.bin.json,aston_coinlocker,43,replacement_item_id,6470,6470,Staminan Light,44896,3523,156
talk_coinlocker_locker.bin.json,aston_coinlocker,44,replacement_item_id,6471,6471,Extra Power Motor,56101,1420,157
talk_coinlocker_locker.bin.json,aston_coinlocker,45,replacement_item_id,6472,6472,Skill Book: Progressive HP Up,109614,1541,158
talk_coinlocker_locker.bin.json,aston_coinlocker,46,replacement_item_id,6473,6473,Trinity Circle Earrings,956129,140,159
talk_coinlocker_locker.bin.json,aston_coinlocker,47,replacement_item_id,6474,6474,Blesswood Armor,38394,420,160
talk_coinlocker_locker.bin.json,aston_coinlocker,48,replacement_item_id,6475,6475,Imuraya Gold Steamed Bun,43920,351,161
talk_coinlocker_locker.bin.json,aston_coinlocker,49,replacement_item_id,6476,6476,Heavy Makeup,14955,1612,162
talk_coinlocker_locker.bin.json,aston_coinlocker,50,replacement_item_id,6477,6477,Skill Book: Progressive Drunk Heat Gauge Increase,32016,2300,163
shop.bin.json,aston_s_akame,0,replacement_item_id,6478,6478,Sotenbori Billiard Point Shop Unlock,443312,393,164
shop.bin.json,aston_s_akame,1,replacement_item_id,6479,6479,Skill Book: HA: Daidoji Martial Mastery,477113,963,165
shop.bin.json,aston_s_akame,2,replacement_item_id,6480,6480,Skill Book: HA: Essence of Face Stomp,52134,476,166
shop.bin.json,aston_s_akame,3,replacement_item_id,6481,6481,Leather Gloves,87712,3066,167
shop.bin.json,aston_s_akame,4,replacement_item_id,6482,6482,Kabuki Makeup,21658,743,168
shop.bin.json,aston_s_akame,5,replacement_item_id,6483,6483,Rimless Sunglasses,75404,320,169
shop.bin.json,aston_s_akame,6,replacement_item_id,6484,6484,Pine Candy,65042,2452,170
shop.bin.json,aston_s_akame,7,replacement_item_id,6485,6485,Okonomiyaki,56528,573,171
shop.bin.json,aston_s_akame,8,replacement_item_id,6486,6486,Pepsi Nama,68029,254,172
shop.bin.json,aston_s_akame,9,replacement_item_id,6487,6487,Egg,200904,202,173
shop.bin.json,aston_s_akame,10,replacement_item_id,6488,6488,Sake,348663,343,174
shop.bin.json,aston_s_akame,11,replacement_item_id,6489,6489,ZONe,831906,200,175
shop.bin.json,aston_s_akame,12,replacement_item_id,6490,6490,Skill Book: Progressive Heat Gauge Up,48271,408,176
shop.bin.json,aston_s_akame,13,replacement_item_id,6491,6491,Jewel Stud Earrings,133079,142,177
shop.bin.json,aston_s_akame,14,replacement_item_id,6492,6492,Mountain Dew,291822,167,178
shop.bin.json,aston_s_akame,15,replacement_item_id,6493,6493,Suntory Goma Mugicha,449921,1299,179
shop.bin.json,aston_s_akame,16,replacement_item_id,6494,6494,Charismatic Photo,631185,318,180
shop.bin.json,aston_s_akame,17,replacement_item_id,6495,6495,Skill Book: Progressive Extra Shoe Boost,19464,1055,181
shop.bin.json,aston_s_akame,18,replacement_item_id,6496,6496,Refressment of the Sky King,330172,1566,182
shop.bin.json,aston_s_akame,19,replacement_item_id,6497,6497,Cyber Sunglasses,204785,181,183
shop.bin.json,aston_s_akame,20,replacement_item_id,6498,6498,Yokohama Sichiya Pawn Shop Unlock,340137,586,184
shop.bin.json,aston_s_akame,21,replacement_item_id,6499,6499,mini-more Perfume,113141,415,185
shop.bin.json,aston_s_akame,22,replacement_item_id,6500,6500,Old Scar Makeup,8533,1236,186
shop.bin.json,aston_s_akame,23,replacement_item_id,6501,6501,Great Fortune Silver Undies,42451,139,187
shop.bin.json,aston_s_akame,24,replacement_item_id,6502,6502,Alex Kidd in Miracle World,595310,179,188
shop.bin.json,aston_s_akame,25,replacement_item_id,6503,6503,Skill Book: Progressive HP Up,149977,648,189
shop.bin.json,aston_s_akame,26,replacement_item_id,6504,6504,Dark Purple,243600,1267,190
shop.bin.json,aston_s_akame,27,replacement_item_id,6505,6505,Super Slim Tires,55756,585,191
shop.bin.json,aston_s_akame,28,replacement_item_id,6506,6506,Genbu Bracelet,14224,1544,192
shop.bin.json,aston_s_akame,29,replacement_item_id,6507,6507,Suntory Oolong Tea,21703,4358,193
shop.bin.json,aston_s_akame,30,replacement_item_id,6508,6508,Tauriner,12461,1572,194
shop.bin.json,aston_s_billiards_prize,0,replacement_item_id,6509,6509,Ichiban Senbei (Salt),208070,904,195
shop.bin.json,aston_s_billiards_prize,1,replacement_item_id,6510,6510,Oragamachi Natto,194450,293,196
shop.bin.json,aston_s_billiards_prize,2,replacement_item_id,6511,6511,Round Sunglasses,32815,400,197
shop.bin.json,aston_s_billiards_prize,3,replacement_item_id,6512,6512,Sushi Set,40587,2739,198
shop.bin.json,aston_s_billiards_prize,4,replacement_item_id,6513,6513,ZONe,136615,653,199
shop.bin.json,aston_s_billiards_prize,5,replacement_item_id,6514,6514,Nozaki's Corned Beef,52214,453,200
shop.bin.json,aston_s_billiards_prize,6,replacement_item_id,6515,6515,Yokohama Lovemagic Shop Unlock,282038,2464,201
shop.bin.json,aston_s_billiards_prize,7,replacement_item_id,6516,6516,Ultra Metal Frame,692165,1579,202
shop.bin.json,aston_s_billiards_prize,8,replacement_item_id,6517,6517,Skill Book: Flexing Resolute Counter,288538,304,203
shop.bin.json,aston_s_billiards_prize,9,replacement_item_id,6518,6518,Tauriner,31213,1289,204
shop.bin.json,aston_s_billiards_prize,10,replacement_item_id,6519,6519,Body Armor,195415,1687,205
shop.bin.json,aston_s_wannpark,0,replacement_item_id,6520,6520,Tam,70938,739,206
shop.bin.json,aston_s_wannpark,1,replacement_item_id,6521,6521,Skill Book: Rolling Escape,691573,300,207
shop.bin.json,aston_s_wannpark,2,replacement_item_id,6522,6522,Skill Book: Progressive Extra Wire,94882,684,208
shop.bin.json,aston_s_wannpark,3,replacement_item_id,6523,6523,Super Soft Tires,79119,345,209
shop.bin.json,aston_s_wannpark,4,replacement_item_id,6524,6524,High Torque Motor,67221,169,210
shop.bin.json,aston_s_wannpark,5,replacement_item_id,6525,6525,Egg,26475,4065,211
shop.bin.json,aston_s_wannpark,6,replacement_item_id,6526,6526,Colosseum Boutique Shop Unlock,982436,245,212
shop.bin.json,aston_s_wannpark,7,replacement_item_id,6527,6527,Intelligent Sunglasses,221142,777,213
shop.bin.json,aston_s_wannpark,8,replacement_item_id,6528,6528,Godspeed Gears,15259,2032,214
shop.bin.json,aston_s_wannpark,9,replacement_item_id,6529,6529,High Capacity Battery,244001,151,215
shop.bin.json,aston_s_wannpark,10,replacement_item_id,6530,6530,Chu-Chu Tako Doll (Takoyaki),19246,222,216
shop.bin.json,aston_s_wannpark,11,replacement_item_id,6531,6531,Ono Michio Pixel Figure,74160,141,217
shop.bin.json,aston_y_shichiya,0,replacement_item_id,6532,6532,Green Onion Akashiyaki,22361,121,218
shop.bin.json,aston_y_shichiya,1,replacement_item_id,6533,6533,High-end Timepiece,158821,110,219
shop.bin.json,aston_y_shichiya,2,replacement_item_id,6534,6534,Imuraya Pizza Bun,457172,313,220
shop.bin.json,aston_y_shichiya,3,replacement_item_id,6535,6535,Mevius,203415,1003,221
shop.bin.json,aston_y_shichiya,4,replacement_item_id,6536,6536,Extra Speed Motor,36380,170,222
shop.bin.json,aston_y_shichiya,5,replacement_item_id,6537,6537,Yokohama Smilewagon Shop Unlock,72438,328,223
shop.bin.json,aston_y_shichiya,6,replacement_item_id,6538,6538,Forks,157190,346,224
shop.bin.json,aston_y_shichiya,7,replacement_item_id,6539,6539,Beanie,87033,1299,225
shop.bin.json,aston_y_lovemagic,0,replacement_item_id,6540,6540,Godspeed Gears Plus,69069,1649,226
shop.bin.json,aston_y_lovemagic,1,replacement_item_id,6541,6541,Skill Book: Progressive Heat Action Damage Up in ExH,21372,219,227
shop.bin.json,aston_y_lovemagic,2,replacement_item_id,6542,6542,Skill Book: Progressive Damage Up,41597,284,228
shop.bin.json,aston_y_lovemagic,3,replacement_item_id,6543,6543,The Practical Guide to Cooperative Fighting,55614,1364,229
shop.bin.json,aston_y_lovemagic,4,replacement_item_id,6544,6544,Pine Candy,72338,4709,230
shop.bin.json,aston_y_lovemagic,5,replacement_item_id,6545,6545,High Torque Motor Mark II,249364,1739,231
shop.bin.json,aston_y_lovemagic,6,replacement_item_id,6546,6546,Great Fortune Gold Undies,99716,263,232
shop.bin.json,aston_y_lovemagic,7,replacement_item_id,6547,6547,Triple Yokan,68229,102,233
shop.bin.json,aston_y_lovemagic,8,replacement_item_id,6548,6548,High-end Timepiece,346902,1618,234
shop.bin.json,aston_y_lovemagic,9,replacement_item_id,6549,6549,Yokohama Ichiban Confections Shop Unlock,414407,471,235
shop.bin.json,aston_y_lovemagic,10,replacement_item_id,6550,6550,Tauriner,306101,268,236
shop.bin.json,aston_y_shogi,0,replacement_item_id,6551,6551,Skill Book: Progressive Extra Drone,644305,1317,237
shop.bin.json,aston_y_shogi,1,replacement_item_id,6552,6552,Skill Book: HA: Essence of the Dragon God,21898,386,238
shop.bin.json,aston_y_shogi,2,replacement_item_id,6553,6553,Teriyaki Smile Burger (Takeout),57094,268,239
shop.bin.json,aston_y_shogi,3,replacement_item_id,6554,6554,Ceremonial Oath Sake Cup (Plum),11008,408,240
shop.bin.json,aston_y_shogi,4,replacement_item_id,6555,6555,Ultra Power Motor,360234,119,241
shop.bin.json,aston_y_shogi,5,replacement_item_id,6556,6556,Colosseum Casino Point Shop Unlock,18814,1101,242
shop.bin.json,aston_y_shogi,6,replacement_item_id,6557,6557,Toughness Light,223631,1521,243
shop.bin.json,aston_y_shogi,7,replacement_item_id,6558,6558,Skill Book: Progressive Damage Up,54067,460,244
shop.bin.json,aston_y_shogi,8,replacement_item_id,6559,6559,Golem Jaguar,43541,2762,245
shop.bin.json,aston_y_shogi,9,replacement_item_id,6560,6560,Takoyaki with Large Octopus,1716,289,246
shop.bin.json,aston_y_shogi,10,replacement_item_id,6561,6561,Skill Book: Triple Finisher,18659,411,247
shop.bin.json,aston_s_shogi,0,replacement_item_id,6562,6562,Mizorogi (Akame house) Shop Unlock,57587,3150,248
shop.bin.json,aston_s_shogi,1,replacement_item_id,6563,6563,Skill Book: Progressive Damage Up,177459,2607,249
shop.bin.json,aston_s_shogi,2,replacement_item_id,6564,6564,Pork Tonkatsu Bento,197994,352,250
shop.bin.json,aston_s_shogi,3,replacement_item_id,6565,6565,Skill Book: Progressive Heat Gauge Up,140870,969,251
shop.bin.json,aston_s_shogi,4,replacement_item_id,6566,6566,Super Speed Frame,17226,810,252
shop.bin.json,aston_s_shogi,5,replacement_item_id,6567,6567,Fedora,57470,1210,253
shop.bin.json,aston_s_shogi,6,replacement_item_id,6568,6568,Teriyaki Smile Burger (Takeout),40170,1993,254
shop.bin.json,aston_s_shogi,7,replacement_item_id,6569,6569,Skill Book: Progressive HP Up,139400,3094,255
shop.bin.json,aston_s_shogi,8,replacement_item_id,6570,6570,Hockey Mask,9640,245,256
shop.bin.json,aston_s_shogi,9,replacement_item_id,6571,6571,Skill Book: Progressive HP Up,9754,111,257
shop.bin.json,aston_s_shogi,10,replacement_item_id,6572,6572,Flat Wing,235138,442,258
shop.bin.json,aston_s_golf,0,replacement_item_id,6573,6573,Quartet,460910,451,259
shop.bin.json,aston_s_golf,1,replacement_item_id,6574,6574,Skill Book: Progressive HP Up,242421,845,260
shop.bin.json,aston_s_golf,2,replacement_item_id,6575,6575,Sengoku Armor,450761,1002,261
shop.bin.json,aston_s_golf,3,replacement_item_id,6576,6576,Sport Coat,37507,110,262
shop.bin.json,aston_s_golf,4,replacement_item_id,6577,6577,Pocket Tissues,69927,137,263
shop.bin.json,aston_s_golf,5,replacement_item_id,6578,6578,Yakisoba Mochichi,74952,447,264
shop.bin.json,aston_s_golf,6,replacement_item_id,6579,6579,Ultra Low Profile Tires,342967,344,265
shop.bin.json,aston_s_golf,7,replacement_item_id,6580,6580,Iron Plate,3155,829,266
shop.bin.json,aston_s_golf,8,replacement_item_id,6581,6581,Tooghness Infinity,60758,1727,267
shop.bin.json,aston_s_golf,9,replacement_item_id,6582,6582,Oragamachi Natto,5336,352,268
shop.bin.json,aston_s_golf,10,replacement_item_id,6583,6583,Golden Ball,39162,230,269
shop.bin.json,aston_s_golf,11,replacement_item_id,6584,6584,Roses,1480,887,270
shop.bin.json,aston_s_golf,12,replacement_item_id,6585,6585,Super Rubber Frame,588407,1804,271
shop.bin.json,aston_s_toba,0,replacement_item_id,6586,6586,Suntory Sparkling Lemon Mineral Water,137336,242,272
shop.bin.json,aston_s_toba,1,replacement_item_id,6587,6587,Extra Speed Frame,18139,681,273
shop.bin.json,aston_s_toba,2,replacement_item_id,6588,6588,Mountain Dew,347140,313,274
shop.bin.json,aston_s_toba,3,replacement_item_id,6589,6589,Devil Killer,288553,136,275
shop.bin.json,aston_s_toba,4,replacement_item_id,6590,6590,Skill Book: Extreme Heat Mode Undying,76267,571,276
shop.bin.json,aston_s_toba,5,replacement_item_id,6591,6591,Skill Book: HA: Daidoji Arm Theft,575612,2847,277
shop.bin.json,aston_s_toba,6,replacement_item_id,6592,6592,Skill Book: Progressive Extra Bomb,584499,490,278
shop.bin.json,aston_s_toba,7,replacement_item_id,6593,6593,Hokkaido Azuki Bar,466322,879,279
shop.bin.json,aston_s_toba,8,replacement_item_id,6594,6594,The Basic Guide to Cooperative Fighting,650561,1052,280
shop.bin.json,aston_s_toba,9,replacement_item_id,6595,6595,Skill Book: Progressive Drunk Attack Heat Gauge Increase,86945,3837,281
shop.bin.json,aston_y_toba,0,replacement_item_id,6596,6596,Bust Amulet,663977,379,282
shop.bin.json,aston_y_toba,1,replacement_item_id,6597,6597,Eye of the Dragon,79485,921,283
shop.bin.json,aston_y_toba,2,replacement_item_id,6598,6598,Light Makeup,198187,159,284
shop.bin.json,aston_y_toba,3,replacement_item_id,6599,6599,Enduro Racer,166255,4902,285
shop.bin.json,aston_y_toba,4,replacement_item_id,6600,6600,Tuna Onigiri,35269,198,286
shop.bin.json,aston_y_toba,5,replacement_item_id,6601,6601,Suntory Goma Mugicha,76911,3485,287
shop.bin.json,aston_y_toba,6,replacement_item_id,6602,6602,Nourishment of the Sea King,754750,235,288
shop.bin.json,aston_y_toba,7,replacement_item_id,6603,6603,T-Shirt,311436,2722,289
shop.bin.json,aston_y_toba,8,replacement_item_id,6604,6604,C.C. Lemon,80382,645,290
shop.bin.json,aston_y_toba,9,replacement_item_id,6605,6605,Skill Book: Daidoji Wire Spin,41384,4440,291
shop.bin.json,aston_y_toba,10,replacement_item_id,6606,6606,Skill Book: Knock Back,158824,237,292
shop.bin.json,aston_c_toba,0,replacement_item_id,6607,6607,Tuna & Egg Sandwich,28567,892,293
shop.bin.json,aston_c_toba,1,replacement_item_id,6608,6608,Skill Book: Progressive Evasion Up in ExH,82467,2026,294
shop.bin.json,aston_c_toba,2,replacement_item_id,6609,6609,Kitty Makeup,4843,331,295
shop.bin.json,aston_c_toba,3,replacement_item_id,6610,6610,Natchan! Apple,332865,1686,296
shop.bin.json,aston_c_toba,4,replacement_item_id,6611,6611,Fantasy Zone II,186524,1034,297
shop.bin.json,aston_c_toba,5,replacement_item_id,6612,6612,Skill Book: Progressive Drunk Attack Heat Gauge Increase,767880,1660,298
shop.bin.json,aston_c_toba,6,replacement_item_id,6613,6613,Okonomiyaki (Mentai Mayo),73243,151,299
shop.bin.json,aston_c_toba,7,replacement_item_id,6614,6614,Suntory Sparkling Lemon Mineral Water,23793,412,300
shop.bin.json,aston_c_toba,8,replacement_item_id,6615,6615,Balanced Motor Plus,61795,799,301
shop.bin.json,aston_c_toba,9,replacement_item_id,6616,6616,Smile Fries (Takeout),960941,230,302
shop.bin.json,aston_c_toba,10,replacement_item_id,6617,6617,Skill Book: Progressive Extra Shoe Boost,121619,288,303
shop.bin.json,aston_c_toba,11,replacement_item_id,6618,6618,Flicky,3864,327,304
shop.bin.json,aston_c_toba,12,replacement_item_id,6619,6619,Premier Darts,448207,439,305
shop.bin.json,aston_c_toba,13,replacement_item_id,6620,6620,Extra Balanced Motor,332708,534,306
shop.bin.json,aston_c_toba,14,replacement_item_id,6621,6621,Weird Stranger Makeup,82136,304,307
shop.bin.json,aston_c_toba,15,replacement_item_id,6622,6622,Refreshment of the Sky King,16727,1121,308
shop.bin.json,aston_c_casino,0,replacement_item_id,6623,6623,Straw Hat,316928,2168,309
shop.bin.json,aston_c_casino,1,replacement_item_id,6624,6624,Silver Plate,19347,490,310
shop.bin.json,aston_c_casino,2,replacement_item_id,6625,6625,Balanced Frame,70855,412,311
shop.bin.json,aston_c_casino,3,replacement_item_id,6626,6626,Yakuza Dress Up Badge (Round),80560,112,312
shop.bin.json,aston_c_casino,4,replacement_item_id,6627,6627,Clown Makeup,582431,330,313
shop.bin.json,aston_c_casino,5,replacement_item_id,6628,6628,Lucky Hanafuda Card,66524,697,314
shop.bin.json,aston_c_casino,6,replacement_item_id,6629,6629,Stamina XX,35199,1674,315
shop.bin.json,aston_c_casino,7,replacement_item_id,6630,6630,Chu-Chu Tako Doll (Takoyaki),21830,156,316
shop.bin.json,aston_c_casino,8,replacement_item_id,6631,6631,Alpha Cool Striker,43998,235,317
shop.bin.json,aston_c_casino,9,replacement_item_id,6632,6632,Azuki Bar BOX,15334,457,318
shop.bin.json,aston_c_casino,10,replacement_item_id,6633,6633,Soccer Ball,176399,386,319
shop.bin.json,aston_c_casino,11,replacement_item_id,6634,6634,Hokkaido Azuki Bar,430544,3714,320
shop.bin.json,aston_c_casino,12,replacement_item_id,6635,6635,Casual Leather Shoes,242838,340,321
shop.bin.json,aston_c_casino,13,replacement_item_id,6636,6636,SEGA Taiyaki,10932,482,322
shop.bin.json,aston_c_casino,14,replacement_item_id,6637,6637,Lucky Hanafuda Card,35387,105,323
shop.bin.json,aston_c_boutique_equip,0,replacement_item_id,6638,6638,Single Rose,46543,173,324
shop.bin.json,aston_c_boutique_equip,1,replacement_item_id,6639,6639,Colosseum Boutique VIP Shop Unlock,64561,2602,325
shop.bin.json,aston_c_boutique_equip,2,replacement_item_id,6640,6640,Balanced Gears Plus,200278,469,326
shop.bin.json,aston_c_boutique_equip,3,replacement_item_id,6641,6641,Divine Water,52873,3381,327
shop.bin.json,aston_c_boutique_equip,4,replacement_item_id,6642,6642,Nutrement of the Conquering Emperor,304304,331,328
shop.bin.json,aston_c_boutique_equip,5,replacement_item_id,6643,6643,Center Stripe,698896,244,329
shop.bin.json,aston_c_boutique_equip,6,replacement_item_id,6644,6644,Pine Candy,241331,175,330
shop.bin.json,aston_c_boutique_equip,7,replacement_item_id,6645,6645,Sake,56983,1611,331
shop.bin.json,aston_c_boutique_equip,8,replacement_item_id,6646,6646,Skill Book: Progressive Recovery From Food Up,301317,108,332
shop.bin.json,aston_c_boutique_equip,9,replacement_item_id,6647,6647,Rugged Suit,6310,1491,333
shop.bin.json,aston_c_boutique_equip,10,replacement_item_id,6648,6648,Skill Book: Progressive Drunk Heat Gauge Increase,25024,1613,334
shop.bin.json,aston_c_boutique_equip,11,replacement_item_id,6649,6649,Bronze Plate,103942,206,335
shop.bin.json,aston_c_boutique_equip,12,replacement_item_id,6650,6650,Okonomiyaki,216033,175,336
shop.bin.json,aston_c_boutique_equip,13,replacement_item_id,6651,6651,Pork Tonkatsu Bento,41486,845,337
shop.bin.json,aston_c_boutique_equip,14,replacement_item_id,6652,6652,Big Frame Sunglasses,117487,794,338
shop.bin.json,aston_c_boutique_vip,0,replacement_item_id,6653,6653,Midnight Ring,18370,996,354
shop.bin.json,aston_c_boutique_vip,1,replacement_item_id,6654,6654,Color Contacts (Gold),222150,302,355
shop.bin.json,aston_c_boutique_vip,2,replacement_item_id,6655,6655,Skill Book: Quickstep Strike,695440,357,356
shop.bin.json,aston_c_boutique_vip,3,replacement_item_id,6656,6656,Monk Strap Loafers,418958,2436,357
shop.bin.json,aston_c_boutique_vip,4,replacement_item_id,6657,6657,Skill Book: Progressive Heat Gauge Up,543001,4283,358
shop.bin.json,aston_c_boutique_vip,5,replacement_item_id,6658,6658,Sake,21480,1545,359
shop.bin.json,aston_c_boutique_vip,6,replacement_item_id,6659,6659,Thunder Darts,592973,417,360
shop.bin.json,aston_c_boutique_vip,7,replacement_item_id,6660,6660,Tooghness Infinity,573082,344,361
shop.bin.json,aston_c_boutique_vip,8,replacement_item_id,6661,6661,Twinkle Heart Ring,860278,215,362
shop.bin.json,aston_c_boutique_vip,9,replacement_item_id,6662,6662,Nourishment of the Seaking,4293,406,363
shop.bin.json,aston_c_boutique_vip,10,replacement_item_id,6663,6663,Box Wing,366139,360,364
shop.bin.json,aston_s_mizorogi_2,0,replacement_item_id,6664,6664,Silver Ring,78929,434,365
shop.bin.json,aston_s_mizorogi_2,1,replacement_item_id,6665,6665,Dragon God Amulet,212555,136,366
shop.bin.json,aston_s_mizorogi_2,2,replacement_item_id,6666,6666,Ceremonial Oath Sake Cup (Sakura),304064,474,367
shop.bin.json,aston_s_mizorogi_2,3,replacement_item_id,6667,6667,Salmon Onigiri,242005,290,368
shop.bin.json,aston_s_mizorogi_2,4,replacement_item_id,6668,6668,Golden Ball,444581,878,369
item_get_by_wire.bin.json,treasure_y001,115,replacement_item_id,6669,6669,High-end Timepiece,225605,269,375
item_get_by_wire.bin.json,treasure_y002,116,replacement_item_id,6670,6670,Ceremonial Oath Sake Cup (Bamboo),317894,1134,376
item_get_by_wire.bin.json,treasure_y003,117,replacement_item_id,6671,6671,Skill Book: Progressive Extra Wire,39637,267,377
item_get_by_wire.bin.json,treasure_y004,118,replacement_item_id,6672,6672,Baby Tooth,48868,450,378
item_get_by_wire.bin.json,treasure_y005,119,replacement_item_id,6673,6673,Wakame Ramen Sesame Soy Sauce,130478,368,379
item_get_by_wire.bin.json,treasure_y006,120,replacement_item_id,6674,6674,Tougheness ZZ,51469,270,380
item_get_by_wire.bin.json,treasure_y007,121,replacement_item_id,6675,6675,Skill Book: Progressive Damage Up,17511,406,381
item_get_by_wire.bin.json,treasure_y008,122,replacement_item_id,6676,6676,Wedding Ring,21817,1586,382
item_get_by_wire.bin.json,treasure_y009,123,replacement_item_id,6677,6677,Extra Godspeed Gears,38255,388,383
item_get_by_wire.bin.json,treasure_y010,124,replacement_item_id,6678,6678,Yakisoba Mochichi,118509,186,384
item_get_by_wire.bin.json,treasure_y011,125,replacement_item_id,6679,6679,Nutriment of the Conquering Emperor,560305,1142,385
item_get_by_wire.bin.json,treasure_y013,127,replacement_item_id,6680,6680,Skill Book: Progressive HP Up,8121,1148,387
item_get_by_wire.bin.json,treasure_y014,128,replacement_item_id,6681,6681,Ultra Regular Gears,304207,292,388
item_get_by_wire.bin.json,treasure_y015,129,replacement_item_id,6682,6682,Rusted Chainmail,201665,716,389
item_get_by_wire.bin.json,treasure_y016,130,replacement_item_id,6683,6683,Skill Book: Progressive Extra Drone,5307,309,390
item_get_by_wire.bin.json,treasure_y017,131,replacement_item_id,6684,6684,White Pearl Earrings,48746,118,391
item_get_by_wire.bin.json,treasure_y018,132,replacement_item_id,6685,6685,Smile Shake (Takeout),170837,295,392
item_get_by_wire.bin.json,treasure_y019,133,replacement_item_id,6686,6686,Galaxy Force,297964,453,393
item_get_by_wire.bin.json,treasure_y020,134,replacement_item_id,6687,6687,Pocket Tissues,109268,134,394
item_get_by_wire.bin.json,treasure_y021,135,replacement_item_id,6688,6688,Jeweled Ring,4829,353,395
item_get_by_wire.bin.json,treasure_y022,136,replacement_item_id,6689,6689,Killer Bee,265305,549,396
item_get_by_wire.bin.json,treasure_y023,137,replacement_item_id,6690,6690,Dragon's Binding,34250,2240,397
item_get_by_wire.bin.json,treasure_y024,138,replacement_item_id,6691,6691,Skill Book: Extreme Heat Mode Unflinching,33459,1102,398
item_get_by_wire.bin.json,treasure_y025,139,replacement_item_id,6692,6692,Standard Darts,514378,295,399
item_get_by_wire.bin.json,treasure_y026,140,replacement_item_id,6693,6693,Skill Book: Grip Breaker,689494,261,400
item_get_by_wire.bin.json,treasure_y027,141,replacement_item_id,6694,6694,Skill Book: Progressive Equipment Up,273235,472,401
item_get_by_wire.bin.json,treasure_y028,142,replacement_item_id,6695,6695,Sotenbori Hiratai Shop Unlock,608017,169,402
item_get_by_wire.bin.json,treasure_y029,143,replacement_item_id,6696,6696,Hat,340828,893,403
item_get_by_wire.bin.json,treasure_y030,144,replacement_item_id,6697,6697,Skill Book: Progressive Damage Up,165761,331,404
item_get_by_wire.bin.json,treasure001,5,replacement_item_id,6698,6698,Ceremonial Oath Sake Cup (Sakura),255259,1540,415
item_get_by_wire.bin.json,treasure002,6,replacement_item_id,6699,6699,Platinum Plate,68592,475,416
item_get_by_wire.bin.json,treasure003,7,replacement_item_id,6700,6700,Mevius,243471,941,417
item_get_by_wire.bin.json,treasure004,8,replacement_item_id,6701,6701,Skill Book: Progressive HP Up,550263,106,418
item_get_by_wire.bin.json,treasure005,9,replacement_item_id,6702,6702,Imuraya Pizza Bun,166348,3254,419
item_get_by_wire.bin.json,treasure006,10,replacement_item_id,6703,6703,Azuki Bar BOX,20641,557,420
item_get_by_wire.bin.json,treasure007,11,replacement_item_id,6704,6704,Oragamachi Natto,27693,295,421
item_get_by_wire.bin.json,treasure008,12,replacement_item_id,6705,6705,Insulated Shirt,703068,210,422
item_get_by_wire.bin.json,treasure009,13,replacement_item_id,6706,6706,Imuraya Steamed Bun,239674,2238,423
item_get_by_wire.bin.json,treasure010,14,replacement_item_id,6707,6707,Luxury Yakiniku Bento,30178,1785,424
item_get_by_wire.bin.json,treasure011,15,replacement_item_id,6708,6708,Golden Ball,77458,377,425
item_get_by_wire.bin.json,treasure012,16,replacement_item_id,6709,6709,Staminan Spark,97480,179,426
item_get_by_wire.bin.json,treasure013,17,replacement_item_id,6710,6710,Kitty Kat (Tiger),248840,1039,427
item_get_by_wire.bin.json,treasure014,18,replacement_item_id,6711,6711,High Speed Battery,6565,471,428
item_get_by_wire.bin.json,treasure015,19,replacement_item_id,6712,6712,Refressment of the Sky King,267751,480,429
item_get_by_wire.bin.json,treasure016,20,replacement_item_id,6713,6713,Staminan X,620264,539,430
item_get_by_wire.bin.json,treasure017,21,replacement_item_id,6714,6714,Okonomiyaki (Mochi & Cheese),178378,276,431
item_get_by_wire.bin.json,treasure018,22,replacement_item_id,6715,6715,Wind Darts,49327,2696,432
item_get_by_wire.bin.json,treasure019,23,replacement_item_id,6716,6716,Skill Book: Power Spool,338061,891,433
item_get_by_wire.bin.json,treasure020,24,replacement_item_id,6717,6717,Extra Boost Gears,1255,416,434
item_get_by_wire.bin.json,treasure021,25,replacement_item_id,6718,6718,Super Metal Frame,256539,2558,435
item_get_by_wire.bin.json,treasure022,26,replacement_item_id,6719,6719,Staminan Light,305681,470,436
item_get_by_wire.bin.json,treasure023,27,replacement_item_id,6720,6720,Fearless Binding,151453,1674,437
item_get_by_wire.bin.json,treasure024,28,replacement_item_id,6721,6721,Skill Book: Tangled Ultimate Counter,35088,1339,438
item_get_by_wire.bin.json,treasure025,29,replacement_item_id,6722,6722,Skill Book: Progressive Damage Up,331642,1425,439
item_get_by_wire.bin.json,treasure026,30,replacement_item_id,6723,6723,Pencils,652039,1001,440
item_get_by_wire.bin.json,treasure027,31,replacement_item_id,6724,6724,Toy Crows,292524,457,441
item_get_by_wire.bin.json,treasure028,32,replacement_item_id,6725,6725,The Basic Guide to Cooperative Fighting,221897,113,442
item_get_by_wire.bin.json,treasure029,33,replacement_item_id,6726,6726,Skill Book: Progressive Damage Up,166889,3038,443
item_get_by_wire.bin.json,treasure030,34,replacement_item_id,6727,6727,Seven Stars,599031,1749,444
item_get_by_wire.bin.json,treasure031,35,replacement_item_id,6728,6728,Imuraya Castella,148767,1446,445
item_get_by_wire.bin.json,treasure032,36,replacement_item_id,6729,6729,Midnight Ring,318624,935,446
item_get_by_wire.bin.json,treasure033,37,replacement_item_id,6730,6730,Blue Gem Bracelet,104932,327,447
item_get_by_wire.bin.json,treasure034,38,replacement_item_id,6731,6731,Triple Yokan,221522,3605,448
item_get_by_wire.bin.json,treasure035,39,replacement_item_id,6732,6732,Ultra Speed Frame,146601,835,449
item_get_by_wire.bin.json,treasure036,40,replacement_item_id,6733,6733,Global Defense,891521,133,450
item_get_by_wire.bin.json,treasure037,41,replacement_item_id,6734,6734,Luxury Yakiniku Bento,24050,594,451
item_get_by_wire.bin.json,treasure038,42,replacement_item_id,6735,6735,Mountain Dew,41279,307,452
item_get_by_wire.bin.json,treasure039,43,replacement_item_id,6736,6736,Skill Book: Progressive HP Up,183122,439,453
item_get_by_wire.bin.json,treasure_c001,65,replacement_item_id,6737,6737,Bloody Binding,12958,1218,465
item_get_by_wire.bin.json,treasure_c002,66,replacement_item_id,6738,6738,Pepsi Nama,281383,724,466
item_get_by_wire.bin.json,treasure_c003,67,replacement_item_id,6739,6739,Ultra Slick Tires,71393,218,467
item_get_by_wire.bin.json,treasure_c004,68,replacement_item_id,6740,6740,Wellington Sunglasses,414451,206,468
item_get_by_wire.bin.json,treasure_c005,69,replacement_item_id,6741,6741,Cuff Earrings,189678,221,469
item_get_by_wire.bin.json,treasure_c006,70,replacement_item_id,6742,6742,Taxi Driver Cap,12802,117,470
item_get_by_wire.bin.json,treasure_c007,71,replacement_item_id,6743,6743,High-end Timepiece,3492,804,471
item_get_by_wire.bin.json,treasure_c008,72,replacement_item_id,6744,6744,Military Armor,36027,345,472
item_get_by_wire.bin.json,treasure_c009,73,replacement_item_id,6745,6745,Golden Ball,257682,186,473
item_get_by_wire.bin.json,treasure_c010,74,replacement_item_id,6746,6746,Luxury Yakiniku Bento,5121,801,474
item_get_by_wire.bin.json,treasure_c011,75,replacement_item_id,6747,6747,Refressment of the Sky King,38037,684,475
item_get_by_wire.bin.json,treasure_c012,76,replacement_item_id,6748,6748,Gel Nails,339146,799,476
item_get_by_wire.bin.json,treasure_c013,77,replacement_item_id,6749,6749,Skill Book: Progressive Equipment Up,225535,1644,477
item_get_by_wire.bin.json,treasure_c014,78,replacement_item_id,6750,6750,Calming Kerchief,268969,292,478
item_get_by_wire.bin.json,treasure_c015,79,replacement_item_id,6751,6751,Golden Ball,5086,4483,479
item_get_by_wire.bin.json,treasure_c017,81,replacement_item_id,6752,6752,Fingerless Gloves,104820,348,481
item_get_by_wire.bin.json,treasure_c018,82,replacement_item_id,6753,6753,Shockin' Takoyaki,32912,425,482
item_get_by_wire.bin.json,treasure_c019,83,replacement_item_id,6754,6754,Skill Book: Progressive HP Up,230544,503,483
item_get_by_wire.bin.json,treasure_c020,84,replacement_item_id,6755,6755,Nourishment of the Sea King,191094,825,484
reward_table.bin.json,pokecir,4,replacement_item_id,6756,6756,Imuraya Castella,78360,660,669
reward_table.bin.json,pokecir,8,replacement_item_id,6757,6757,Healthy Balanced Bento,2245,271,670
reward_table.bin.json,pokecir,13,replacement_item_id,6758,6758,Skill Book: Daidoji Double Guard,19793,400,671
reward_table.bin.json,pokecir,15,replacement_item_id,6759,6759,Snakeskin Shoes,87473,1092,672
reward_table.bin.json,pokecir,40,replacement_item_id,6760,6760,The Basic Guide to Cooperative Fighting,60390,152,673
reward_table.bin.json,pokecir,58,replacement_item_id,6761,6761,Super Low Profile Tires,63504,2237,674
reward_table.bin.json,pokecir,64,replacement_item_id,6762,6762,Skill Book: HA: Essence of Raging Dragon,335877,870,675
reward_table.bin.json,pokecir,94,replacement_item_id,6763,6763,Tuna Onigiri,37586,226,677
reward_table.bin.json,pokecir,111,replacement_item_id,6764,6764,Fresh Lettuce Sandwich,66427,182,678
reward_table.bin.json,pokecir,120,replacement_item_id,6765,6765,Cool Striker,67787,478,679
reward_table.bin.json,pokecir,124,replacement_item_id,6766,6766,Leather Shoes,178588,436,680
reward_table.bin.json,pokecir,125,replacement_item_id,6767,6767,Imuraya Bean Paste Bun,623466,3091,681
reward_table.bin.json,pokecir,130,replacement_item_id,6768,6768,Skill Book: Progressive Extra Drone,595901,1339,682
events,event,0,replacement_item_id,6769,6769,Ichiban Fried Senbei,66985,407,683
events,event,1,replacement_item_id,6770,6770,Skill Book: Progressive HP Up,57585,2838,684
events,event,2,replacement_item_id,6771,6771,Tougheness ZZ,830711,1266,685
events,event,3,replacement_item_id,6772,6772,Tauriner Maximum,27186,488,686
events,event,4,replacement_item_id,6773,6773,Extra Balanced Frame,284651,1536,687
events,event,5,replacement_item_id,6774,6774,Sushi Set,211251,1239,688
events,event,6,replacement_item_id,6775,6775,Staminan Spark,321005,1603,689
events,event,7,replacement_item_id,6776,6776,Skill Book: Finishing Hold,4272,203,690
events,event,8,replacement_item_id,6777,6777,Ultra Slim Tires,342431,294,691
events,event,23,replacement_item_id,6778,6778,Skill Book: Progressive Extra Shoe Boost,55459,820,704
events,event,35,replacement_item_id,6779,6779,Colosseum Gambling Hall Point Shop Unlock,15859,2586,716
events,event,36,replacement_item_id,6780,6780,Skill Book: HA: Ultimate Essence,443105,139,717
events,event,37,replacement_item_id,6781,6781,Straw Sandals,14779,361,718
events,event,38,replacement_item_id,6782,6782,Renowned Akashiyaki,53194,400,719
events,event,39,replacement_item_id,6783,6783,Tooghness Infinity,57848,412,720
events,event,40,replacement_item_id,6784,6784,Underwear,478459,219,721
events,event,41,replacement_item_id,6785,6785,Hariti's Amulet,28112,316,722
events,event,42,replacement_item_id,6786,6786,Golden Ball,303157,120,723
events,event,43,replacement_item_id,6787,6787,Tougheness ZZ,9543,391,724
events,event,44,replacement_item_id,6788,6788,Stamina XX,615076,269,725
events,event,45,replacement_item_id,6789,6789,Yakisoba Mochichi,71031,486,726
events,event,46,replacement_item_id,6790,6790,C.C. Lemon,65700,1367,727
events,event,47,replacement_item_id,6791,6791,Royal Joker Card,117821,220,728
events,event,48,replacement_item_id,6792,6792,Sotenbori Shogi Point Shop Unlock,130848,1457,729
events,event,49,replacement_item_id,6793,6793,Nourishment of the Sea King,563141,266,730
events,event,50,replacement_item_id,6794,6794,Ultra Boost Gears,61020,2108,731
events,event,51,replacement_item_id,6795,6795,Shirtless Blazer,9970,484,732
events,event,52,replacement_item_id,6796,6796,Skill Book: Daidoji Grapple Strike,43259,1473,733
events,event,53,replacement_item_id,6797,6797,Golden Ball,624835,344,734
events,event,54,replacement_item_id,6798,6798,Skill Book: Progressive HP Up,460584,4954,735
events,event,55,replacement_item_id,6799,6799,Super Slick Tires,68805,1397,736
events,event,56,replacement_item_id,6800,6800,Balanced Gears,38484,981,737
events,event,57,replacement_item_id,6801,6801,Skill Book: Progressive Damage Up,171394,417,738
events,event,58,replacement_item_id,6802,6802,Suntory Sparkling Lemon Mineral Water,5233,1496,739
events,event,59,replacement_item_id,6803,6803,Egg,2284,1758,740
events,event,60,replacement_item_id,6804,6804,Golden Ball,568961,122,741
events,event,61,replacement_item_id,6805,6805,Ball Stud Earrings,244622,178,742
events,event,62,replacement_item_id,6806,6806,Skill Book: Progressive Recovery From Food Up,48591,105,743
events,event,63,replacement_item_id,6807,6807,Tougheness ZZ,2467,354,744
events,event,64,replacement_item_id,6808,6808,Ultra Rubber Frame,94372,1770,745
events,event,65,replacement_item_id,6809,6809,Long-Sleeved Button-up,169676,1695,746
events,event,66,replacement_item_id,6810,6810,Staminan Royalle,176607,3282,747
events,event,67,replacement_item_id,6811,6811,Color Contacts (Silver),627261,150,748
events,event,68,replacement_item_id,6812,6812,Devilish Makeup,339438,287,749
events,event,69,replacement_item_id,6813,6813,Nametag,729390,882,750
events,event,70,replacement_item_id,6814,6814,Skill Book: Devastating Taunt,951747,487,751
events,event,71,replacement_item_id,6815,6815,Smile Shake (Takeout),371812,262,752
events,event,72,replacement_item_id,6816,6816,Pure White Briefs,379738,1595,753
events,event,73,replacement_item_id,6817,6817,Imuraya Curry Bun,68239,3641,754
events,event,74,replacement_item_id,6818,6818,Ultra Rocket Frame,69906,1792,755
events,event,75,replacement_item_id,6819,6819,Skill Book: Progressive Damage Up,67653,244,756
events,event,76,replacement_item_id,6820,6820,Bodysuit,50392,212,757
events,event,77,replacement_item_id,6821,6821,Shiny Flower Ring,67130,278,758
events,event,78,replacement_item_id,6822,6822,Special Yakisoba,62276,1656,759
events,event,79,replacement_item_id,6823,6823,Taurener Maximum,78999,354,760
events,event,80,replacement_item_id,6824,6824,Wonton Harusame,655785,300,761
events,event,81,replacement_item_id,6825,6825,DRAG-ON Ultra,228100,349,762
events,event,82,replacement_item_id,6826,6826,Ceremonial Oath Sake Cup (Sakura),346269,1063,763
events,event,83,replacement_item_id,6827,6827,Skill Book: Progressive Extreme Heat Damage Up,70575,485,764
events,event,84,replacement_item_id,6828,6828,Taurener Maximum,23406,258,765
events,event,85,replacement_item_id,6829,6829,Skill Book: Progressive Heat Action Damage Up in ExH,91701,3550,766
events,event,86,replacement_item_id,6830,6830,Prima Heart Earrings,73533,1064,767
events,event,87,replacement_item_id,6831,6831,Three-Piece Suit,56125,156,768
events,event,88,replacement_item_id,6832,6832,Visual-kei Makeup,25478,1369,769
events,event,89,replacement_item_id,6833,6833,Bangin' Killer Bee,52443,1031,770
events,event,90,replacement_item_id,6834,6834,Skill Book: Progressive HP Up,265382,411,771
events,event,91,replacement_item_id,6835,6835,Signed Ball,94721,2159,772
events,event,92,replacement_item_id,6836,6836,Egg,251491,484,773
events,event,93,replacement_item_id,6837,6837,Sunshine,172059,1496,774
events,event,94,replacement_item_id,6838,6838,Gruesome Chainmail,8235,925,775
events,event,95,replacement_item_id,6839,6839,Takoyaki with Large Octopus,63654,4365,776
events,event,96,replacement_item_id,6840,6840,Skill Book: Progressive HP Up,459419,454,777
events,event,97,replacement_item_id,6841,6841,Mevius,58194,245,778
events,event,98,replacement_item_id,6842,6842,Skill Book: Insulting Taunt,5345,258,779
events,event,99,replacement_item_id,6843,6843,Okonomiyaki,23193,153,780
events,event,101,replacement_item_id,6844,6844,Slippers,87720,2511,782
events,event,102,replacement_item_id,6845,6845,Iron Breastplate,5285,1264,783
events,event,103,replacement_item_id,6846,6846,Gold Darts,319471,448,784
events,event,104,replacement_item_id,6847,6847,Chu-Chu Tako Doll (Takoyaki),66224,726,785
events,event,105,replacement_item_id,6848,6848,Staminan Royalle,569755,145,786
events,event,106,replacement_item_id,6849,6849,Godspeed Motor,472546,232,787
events,event,107,replacement_item_id,6850,6850,Ultra Godspeed Gears,46704,409,788
events,event,108,replacement_item_id,6851,6851,Skill Book: Progressive HP Up,25972,345,789
events,event,109,replacement_item_id,6852,6852,Tuna Onigiri,580321,1456,790
events,event,110,replacement_item_id,6853,6853,Tougheness ZZ,75023,120,791
events,event,111,replacement_item_id,6854,6854,Skill Book: Ultimate Counter Damage Up,26372,892,792
events,event,112,replacement_item_id,6855,6855,SEGA Taiyaki,23293,372,793
events,event,113,replacement_item_id,6856,6856,Fukupii-chan Head,157674,2033,794
events,event,114,replacement_item_id,6857,6857,Egg,251846,481,795
events,event,115,replacement_item_id,6858,6858,Noh Mask,195919,4440,796
events,event,116,replacement_item_id,6859,6859,Iron Plate,484163,1561,797
events,event,117,replacement_item_id,6860,6860,Skill Book: Progressive Damage Up,42880,434,798
events,event,118,replacement_item_id,6861,6861,Natchan! Apple,595219,297,799
events,event,119,replacement_item_id,6862,6862,Essence of Decals,232319,1748,800
events,event,120,replacement_item_id,6863,6863,Blackjack Amulet,251051,1648,801
events,event,121,replacement_item_id,6864,6864,Suntory Sparkling Lemon Mineral Water,280510,396,802
events,event,122,replacement_item_id,6865,6865,Natchan! Apple,151957,531,803
events,event,123,replacement_item_id,6866,6866,Divine Water,163598,286,804
events,event,124,replacement_item_id,6867,6867,Staminan Spark,328182,1002,805
events,event,125,replacement_item_id,6868,6868,Red Gem Bracelet,42514,1571,806
reward_table.bin.json,darts,1,replacement_item_id,6869,6869,Sotenbori Shigano Shop Unlock,345506,315,867
reward_table.bin.json,darts,2,replacement_item_id,6870,6870,Teardrop Earrings,296700,2432,868
reward_table.bin.json,darts,3,replacement_item_id,6871,6871,Military Bulletproof Vest,172764,4435,869
reward_table.bin.json,darts,4,replacement_item_id,6872,6872,Extra Spiked Tires,438606,1304,870
reward_table.bin.json,darts,5,replacement_item_id,6873,6873,Stamina XX,66160,246,871
reward_table.bin.json,darts,6,replacement_item_id,6874,6874,Skill Book: Progressive HP Up,245614,978,872
reward_table.bin.json,darts,7,replacement_item_id,6875,6875,Crawfish,18673,388,873
reward_table.bin.json,darts,8,replacement_item_id,6876,6876,Skill Book: Progressive HP Up,321814,670,874
shop.bin.json,aston_s_kukuru,0,replacement_item_id,6877,6877,Staminan Royale,112698,1206,982
shop.bin.json,aston_s_kukuru,1,replacement_item_id,6878,6878,Skill Book: Daidoji Knockdown Strike,10149,1475,983
shop.bin.json,aston_s_kukuru,2,replacement_item_id,6879,6879,Blue Bolt,227395,665,984
shop.bin.json,aston_s_kukuru,3,replacement_item_id,6880,6880,Premium BOSS,1569,3252,985
shop.bin.json,aston_s_kukuru,4,replacement_item_id,6881,6881,Pork Tonkatsu Bento,272965,127,986
shop.bin.json,aston_s_hiratai,0,replacement_item_id,6882,6882,Shockin' Takoyaki,186775,158,1001
shop.bin.json,aston_s_hiratai,1,replacement_item_id,6883,6883,Stamina XX,67136,2353,1002
shop.bin.json,aston_s_hiratai,2,replacement_item_id,6884,6884,Pilot Badge,112438,867,1003
shop.bin.json,aston_s_shigano,0,replacement_item_id,6885,6885,Godspeed Motor Mark II,63502,2703,1004
shop.bin.json,aston_s_shigano,1,replacement_item_id,6886,6886,Imuraya Castella,26056,4750,1005
shop.bin.json,aston_y_smilewagon,0,replacement_item_id,6887,6887,Short-Sleeved Button-up,62711,177,1006
shop.bin.json,aston_y_smilewagon,1,replacement_item_id,6888,6888,Skill Book: HA: Daidoji Defense Break,127318,4122,1007
shop.bin.json,aston_y_smilewagon,2,replacement_item_id,6889,6889,The Practical Guide to Cooperative Fighting,555315,245,1008
shop.bin.json,aston_y_smilewagon,3,replacement_item_id,6890,6890,Skill Book: Progressive Damage Up,11275,266,1009
shop.bin.json,aston_y_smilewagon,4,replacement_item_id,6891,6891,Sotenbori Kukuru Shop Unlock,318071,1545,1010
shop.bin.json,aston_y_ichibann,0,replacement_item_id,6892,6892,Tauriner,205493,1506,1011
shop.bin.json,aston_y_ichibann,1,replacement_item_id,6893,6893,Silver Darts,196272,1338,1012
shop.bin.json,aston_y_ichibann,2,replacement_item_id,6894,6894,Skill Book: Progressive Extra Wire,36947,1667,1013
shop.bin.json,aston_y_ichibann,3,replacement_item_id,6895,6895,Aviator Sunglasses,34568,730,1014
shop.bin.json,aston_y_ichibann,4,replacement_item_id,6896,6896,Ultra Spiked Tires,467094,1305,1015
shop.bin.json,aston_y_ichibann,5,replacement_item_id,6897,6897,Stretchtopus Mocheese,43296,1286,1016
shop.bin.json,aston_c_loungeshop,0,replacement_item_id,6898,6898,Skill Book: Progressive Damage Up,65988,1845,1017
shop.bin.json,aston_c_loungeshop,1,replacement_item_id,6899,6899,White Gem Bracelet,147037,216,1018
shop.bin.json,aston_c_loungeshop,2,replacement_item_id,6900,6900,Extra Metal Frame,42949,4478,1019
shop.bin.json,aston_c_loungeshop,3,replacement_item_id,6901,6901,Boost Gears Plus,164597,213,1020
shop.bin.json,aston_c_loungeshop,4,replacement_item_id,6902,6902,Alien Syndrome,123574,439,1021
shop.bin.json,aston_c_loungeshop,5,replacement_item_id,6903,6903,Skill Book: Daidoji High Wire Strike,589435,4307,1022
shop.bin.json,aston_c_loungeshop,6,replacement_item_id,6904,6904,Extra Slim Tires,42690,728,1023
shop.bin.json,aston_c_loungeshop,7,replacement_item_id,6905,6905,Taurener Maximum,11684,772,1024
events,aston_s_pokecir_parts,1,replacement_item_id,6906,6906,Rocket Frame Plus,65099,130,1246
events,aston_s_pokecir_parts,2,replacement_item_id,6907,6907,Spiked Tires Plus,26136,861,1247
events,aston_s_pokecir_parts,3,replacement_item_id,6908,6908,Power Motor Plus,122467,485,1248
events,aston_s_pokecir_parts,4,replacement_item_id,6909,6909,Regular Gears Plus,9534,1544,1249
events,aston_s_pokecir_parts,5,replacement_item_id,6910,6910,Side Stripe,89409,1646,1250
events,aston_s_pokecir_parts,6,replacement_item_id,6911,6911,Rocket Frame,106444,1751,1251
events,aston_s_pokecir_parts,7,replacement_item_id,6912,6912,Spiked Tires,37310,3223,1252
events,aston_s_pokecir_parts,8,replacement_item_id,6913,6913,Power Motor,53474,1729,1253
events,aston_s_pokecir_parts,9,replacement_item_id,6914,6914,Regular Gears,73159,244,1254
events,aston_s_pokecir_parts,10,replacement_item_id,6915,6915,Side Stabilizer 3.0,449181,3274,1255
events,aston_s_pokecir_parts,11,replacement_item_id,6916,6916,Metal Frame Plus,225866,378,1256
events,aston_s_pokecir_parts,12,replacement_item_id,6917,6917,Soft Tires Plus,17335,351,1257
events,aston_s_pokecir_parts,13,replacement_item_id,6918,6918,Ultra High Torque Motor,66183,132,1258
events,aston_s_pokecir_parts,14,replacement_item_id,6919,6919,Power Gears Plus,6241,227,1259
events,aston_s_pokecir_parts,15,replacement_item_id,6920,6920,Side Stabilizer 2.0,389893,189,1260
events,aston_s_pokecir_parts,16,replacement_item_id,6921,6921,Metal Frame,269641,367,1261
events,aston_s_pokecir_parts,17,replacement_item_id,6922,6922,Soft Tires,41616,403,1262
events,aston_s_pokecir_parts,18,replacement_item_id,6923,6923,Ultra Godspeed Motor,11950,1813,1263
events,aston_s_pokecir_parts,19,replacement_item_id,6924,6924,Power Gears,604106,990,1264
events,aston_s_pokecir_parts,20,replacement_item_id,6925,6925,Side Stabilizer,489075,308,1265
events,aston_s_pokecir_parts,21,replacement_item_id,6926,6926,Ultra Balanced Frame,140293,247,1266
events,aston_s_pokecir_parts,22,replacement_item_id,6927,6927,Slim Tires Plus,526412,2335,1267
events,aston_s_pokecir_parts,23,replacement_item_id,6928,6928,Ultra Balanced Motor,154969,3814,1268
events,aston_s_pokecir_parts,24,replacement_item_id,6929,6929,Ultra Balanced Gears,231533,4604,1269
events,aston_s_pokecir_parts,25,replacement_item_id,6930,6930,Regular Battery,38958,490,1270
events,aston_s_pokecir_parts,26,replacement_item_id,6931,6931,Super Balanced Frame,317113,316,1271
events,aston_s_pokecir_parts,27,replacement_item_id,6932,6932,Slim Tires,169660,1412,1272
events,aston_s_pokecir_parts,28,replacement_item_id,6933,6933,Super Speed Motor,20321,190,1273
events,aston_s_pokecir_parts,29,replacement_item_id,6934,6934,Super Regular Gears,35620,410,1274
events,aston_s_pokecir_parts,30,replacement_item_id,6935,6935,Red Blaze,44262,106,1275
events,aston_s_pokecir_parts,31,replacement_item_id,6936,6936,Speed Frame Plus,14957,1180,1276
events,aston_s_pokecir_parts,32,replacement_item_id,6937,6937,Slick Tires Plus,226676,1473,1277
events,aston_s_pokecir_parts,33,replacement_item_id,6938,6938,Super Power Motor,383006,669,1278
events,aston_s_pokecir_parts,34,replacement_item_id,6939,6939,Super Power Gears,193854,276,1279
events,aston_s_pokecir_parts,35,replacement_item_id,6940,6940,Rainbow Wing,66264,290,1280
events,aston_s_pokecir_parts,36,replacement_item_id,6941,6941,Speed Frame,75901,314,1281
events,aston_s_pokecir_parts,37,replacement_item_id,6942,6942,Slick Tires,515198,814,1282
events,aston_s_pokecir_parts,38,replacement_item_id,6943,6943,Super Balanced Motor,4430,473,1283
events,aston_s_pokecir_parts,39,replacement_item_id,6944,6944,Super Godspeed Gears,7289,1050,1284
events,aston_s_pokecir_parts,40,replacement_item_id,6945,6945,Michi-Michio,454419,294,1285
events,aston_s_pokecir_parts,41,replacement_item_id,6946,6946,Rubber Frame Plus,297972,3391,1286
events,aston_s_pokecir_parts,42,replacement_item_id,6947,6947,Low Profile Tires Plus,20201,372,1287
events,aston_s_pokecir_parts,43,replacement_item_id,6948,6948,Speed Motor Plus,5327,1939,1288
events,aston_s_pokecir_parts,44,replacement_item_id,6949,6949,Super Boost Gears,30435,2793,1289
events,aston_s_pokecir_parts,45,replacement_item_id,6950,6950,Medium Suspension,218844,311,1290
events,aston_s_pokecir_parts,46,replacement_item_id,6951,6951,Rubber Frame,72775,834,1291
events,aston_s_pokecir_parts,47,replacement_item_id,6952,6952,Low Profile Tires,40598,1356,1292
events,aston_s_pokecir_parts,48,replacement_item_id,6953,6953,Speed Motor,258220,302,1293
events,aston_s_pokecir_parts,49,replacement_item_id,6954,6954,Super Balanced Gears,79508,1146,1294
events,aston_s_pokecir_parts,50,replacement_item_id,6955,6955,Light Suspension,74948,1140,1295
shop.bin.json,aston_c_boutique,0,replacement_item_id,6259,6259,Stamina XX,856347,410,339
shop.bin.json,aston_c_boutique,1,replacement_item_id,5391,5391,Kitty Kat (Tiger),21767,171,340
shop.bin.json,aston_c_boutique,2,replacement_item_id,5513,5513,Imuraya Curry Bun,65911,144,341
shop.bin.json,aston_c_boutique,3,replacement_item_id,5568,5568,Imuraya Yokan,58107,2958,342
shop.bin.json,aston_c_boutique,4,replacement_item_id,6019,6019,Ceremonial Oath Sake Cup (Pine),199582,398,343
shop.bin.json,aston_c_boutique,5,replacement_item_id,5450,5450,Royal Joker Card,31049,4946,344
shop.bin.json,aston_c_boutique,6,replacement_item_id,5556,5556,Ichiban Senbei (Salt),271061,153,345
shop.bin.json,aston_c_boutique,7,replacement_item_id,5328,5328,Staminan Spark,13931,1064,346
shop.bin.json,aston_c_boutique,8,replacement_item_id,5711,5711,Nozaki's Corned Beef,14192,109,347
shop.bin.json,aston_c_boutique,9,replacement_item_id,5925,5925,Okonomiyaki (Mentai Mayo),63236,337,348
shop.bin.json,aston_c_boutique,10,replacement_item_id,5435,5435,Prima Heart Earrings,205073,2638,349
shop.bin.json,aston_c_boutique,11,replacement_item_id,6130,6130,Refreshment of the Sky King,933601,211,350
shop.bin.json,aston_c_boutique,12,replacement_item_id,5440,5440,Luxury Timepiece,37074,578,351
shop.bin.json,aston_c_boutique,13,replacement_item_id,5498,5498,Tuna Onigiri,688062,1153,352
shop.bin.json,aston_c_boutique,14,replacement_item_id,6264,6264,Refressment of the Sky King,35274,939,353
shop.bin.json,aston_s_mizorogi,0,replacement_item_id,6044,6044,The Advanced Guide to Cooperative Fighting,25951,291,370
shop.bin.json,aston_s_mizorogi,1,replacement_item_id,6264,6264,Refressment of the Sky King,51207,905,371
shop.bin.json,aston_s_mizorogi,2,replacement_item_id,5438,5438,Midnight Ring,605478,1653,372
shop.bin.json,aston_s_mizorogi,3,replacement_item_id,5736,5736,Suntory Sparkling Lemon Mineral Water,252177,1445,373
shop.bin.json,aston_s_mizorogi,4,replacement_item_id,5372,5372,Bronze Plate,278002,115,374
item_get_by_wire.bin.json,treasure_y012,126,replacement_item_id,5922,5922,Stretchtopus Mocheese,477379,202,386
item_get_by_wire.bin.json,treasure_y031,145,replacement_item_id,5432,5432,Heart Earrings,5346,256,405
item_get_by_wire.bin.json,treasure_y032,146,replacement_item_id,5991,5991,Toughness Infinity,90004,611,406
item_get_by_wire.bin.json,treasure_y033,147,replacement_item_id,6022,6022,Ceremonial Oath Sake Cup (Sakura),45446,400,407
item_get_by_wire.bin.json,treasure_y034,148,replacement_item_id,6019,6019,Ceremonial Oath Sake Cup (Pine),203701,483,408
item_get_by_wire.bin.json,treasure_y035,149,replacement_item_id,5509,5509,Imuraya Steamed Bun,785129,216,409
item_get_by_wire.bin.json,treasure_y036,150,replacement_item_id,5923,5923,Okonomiyaki,188147,199,410
item_get_by_wire.bin.json,treasure_y037,151,replacement_item_id,5370,5370,Gold Plate,191968,269,411
item_get_by_wire.bin.json,treasure_y038,152,replacement_item_id,6260,6260,Staminan Royalle,218511,415,412
item_get_by_wire.bin.json,treasure_y039,153,replacement_item_id,5569,5569,Imuraya Castella,430764,1300,413
item_get_by_wire.bin.json,treasure_y040,154,replacement_item_id,5435,5435,Prima Heart Earrings,31845,316,414
item_get_by_wire.bin.json,treasure040,44,replacement_item_id,5555,5555,Ichiban Senbei (Shoyu),610804,1325,454
item_get_by_wire.bin.json,treasure041,45,replacement_item_id,5370,5370,Gold Plate,483837,140,455
item_get_by_wire.bin.json,treasure042,46,replacement_item_id,5729,5729,Suntory Goma Mugicha,278052,120,456
item_get_by_wire.bin.json,treasure043,47,replacement_item_id,5556,5556,Ichiban Senbei (Salt),301128,329,457
item_get_by_wire.bin.json,treasure044,48,replacement_item_id,5574,5574,Smile Burger (Takeout),179011,541,458
item_get_by_wire.bin.json,treasure045,49,replacement_item_id,5430,5430,Teardrop Earrings,346692,388,459
item_get_by_wire.bin.json,treasure046,50,replacement_item_id,5576,5576,Smile Fries (Takeout),5120,1555,460
item_get_by_wire.bin.json,treasure047,51,replacement_item_id,5940,5940,Bust Amulet,4389,2393,461
item_get_by_wire.bin.json,treasure048,52,replacement_item_id,5500,5500,Fresh Lettuce Sandwich,56373,260,462
item_get_by_wire.bin.json,treasure049,53,replacement_item_id,5737,5737,Vitamin Water,63465,1495,463
item_get_by_wire.bin.json,treasure050,54,replacement_item_id,5578,5578,Smile Salad (Takeout),59436,437,464
item_get_by_wire.bin.json,treasure_c016,80,replacement_item_id,5577,5577,Smile Shake (Takeout),278307,145,480
item_get_by_wire.bin.json,treasure_c021,85,replacement_item_id,5430,5430,Teardrop Earrings,4593,1292,485
item_get_by_wire.bin.json,treasure_c022,86,replacement_item_id,6022,6022,Ceremonial Oath Sake Cup (Sakura),26702,1513,486
item_get_by_wire.bin.json,treasure_c023,87,replacement_item_id,6265,6265,Nutrement of the Conquering Emperor,67192,2768,487
item_get_by_wire.bin.json,treasure_c024,88,replacement_item_id,5991,5991,Toughness Infinity,325834,2003,488
item_get_by_wire.bin.json,treasure_c025,89,replacement_item_id,5731,5731,C.C. Lemon,131299,633,489
item_get_by_wire.bin.json,treasure_c026,90,replacement_item_id,5726,5726,BOSS Light Sugar,23765,402,490
item_get_by_wire.bin.json,treasure_c027,91,replacement_item_id,5990,5990,Toughness ZZ,194655,344,491
item_get_by_wire.bin.json,treasure_c028,92,replacement_item_id,5568,5568,Imuraya Yokan,6245,1044,492
item_get_by_wire.bin.json,treasure_c029,93,replacement_item_id,6018,6018,Mevius,54128,1232,493
item_get_by_wire.bin.json,treasure_c030,94,replacement_item_id,6019,6019,Ceremonial Oath Sake Cup (Pine),136790,4729,494
item_get_by_wire.bin.json,aston_quest1010,166,replacement_item_id,5556,5556,Ichiban Senbei (Salt),52383,2739,495
item_get_by_wire.bin.json,aston_quest1020,167,replacement_item_id,6022,6022,Ceremonial Oath Sake Cup (Sakura),51161,153,496
item_get_by_wire.bin.json,aston_quest1030,168,replacement_item_id,5499,5499,Salmon Onigiri,256454,226,497
item_get_by_wire.bin.json,aston_quest1040,169,replacement_item_id,5736,5736,Suntory Sparkling Lemon Mineral Water,98437,2625,498
item_get_by_wire.bin.json,aston_quest1050,170,replacement_item_id,6261,6261,Taurener Maximum,227726,232,499
item_get_by_wire.bin.json,aston_quest1060,171,replacement_item_id,5391,5391,Kitty Kat (Tiger),42434,322,500
item_get_by_wire.bin.json,aston_quest1070,172,replacement_item_id,5846,5846,Shockin' Takoyaki,43630,1640,501
item_get_by_wire.bin.json,aston_quest1080,230,replacement_item_id,6020,6020,Ceremonial Oath Sake Cup (Bamboo),13404,214,502
item_get_by_wire.bin.json,aston_quest8010,261,replacement_item_id,5452,5452,Nine Gates Tile,893205,1042,503
item_get_by_wire.bin.json,aston_side16_01,173,replacement_item_id,5516,5516,Wakame Ramen Sesame Soy Sauce,233854,1117,504
item_get_by_wire.bin.json,aston_side16_02,174,replacement_item_id,5446,5446,Ten-Ten-One Charm,1048,986,505
item_get_by_wire.bin.json,treasure_cu001,231,replacement_item_id,6130,6130,Refreshment of the Sky King,349758,1178,506
item_get_by_wire.bin.json,treasure_cu002,232,replacement_item_id,6044,6044,The Advanced Guide to Cooperative Fighting,464985,323,507
item_get_by_wire.bin.json,treasure_cu003,233,replacement_item_id,5327,5327,Staminan X,13984,1937,508
item_get_by_wire.bin.json,treasure_cu004,234,replacement_item_id,6043,6043,The Practical Guide to Cooperative Fighting,37941,230,509
item_get_by_wire.bin.json,treasure_cu005,235,replacement_item_id,5370,5370,Gold Plate,14363,972,510
item_get_by_wire.bin.json,treasure_cu006,236,replacement_item_id,6261,6261,Taurener Maximum,327849,406,511
item_get_by_wire.bin.json,treasure_cu007,237,replacement_item_id,5556,5556,Ichiban Senbei (Salt),414966,234,512
item_get_by_wire.bin.json,treasure_cu008,238,replacement_item_id,5922,5922,Stretchtopus Mocheese,533188,182,513
item_get_by_wire.bin.json,treasure_cu009,239,replacement_item_id,5446,5446,Ten-Ten-One Charm,121413,232,514
item_get_by_wire.bin.json,treasure_cu010,240,replacement_item_id,5502,5502,Oden,200290,1457,515
item_get_by_wire.bin.json,treasure_cu011,241,replacement_item_id,5579,5579,Divine Water,38819,1567,516
item_get_by_wire.bin.json,treasure_cu012,242,replacement_item_id,5497,5497,Seaweed Onigiri,454874,352,517
item_get_by_wire.bin.json,treasure_cu013,243,replacement_item_id,6263,6263,Nourishment of the Seaking,518477,3136,518
item_get_by_wire.bin.json,treasure_cu014,244,replacement_item_id,5324,5324,Toughness Z,290341,128,519
item_get_by_wire.bin.json,treasure_cu015,245,replacement_item_id,5326,5326,Staminan Light,9975,424,520
item_get_by_wire.bin.json,treasure_cu016,246,replacement_item_id,6013,6013,Quality Egg,267985,979,521
item_get_by_wire.bin.json,treasure_cu017,247,replacement_item_id,6258,6258,Tooghness Infinity,3858,166,522
item_get_by_wire.bin.json,treasure_cu018,248,replacement_item_id,5579,5579,Divine Water,680078,1225,523
item_get_by_wire.bin.json,treasure_cu019,249,replacement_item_id,5709,5709,Oragamachi Natto,41537,2007,524
item_get_by_wire.bin.json,treasure_cu020,250,replacement_item_id,5555,5555,Ichiban Senbei (Shoyu),710383,1099,525
item_get_by_wire.bin.json,treasure_cu021,251,replacement_item_id,5924,5924,Okonomiyaki (Mochi & Cheese),47420,353,526
item_get_by_wire.bin.json,treasure_cu022,252,replacement_item_id,5326,5326,Staminan Light,29022,710,527
item_get_by_wire.bin.json,treasure_cu023,253,replacement_item_id,6042,6042,The Basic Guide to Cooperative Fighting,44374,418,528
item_get_by_wire.bin.json,treasure_cu024,254,replacement_item_id,5323,5323,Toughness Light,197267,113,529
item_get_by_wire.bin.json,treasure_cu025,255,replacement_item_id,5327,5327,Staminan X,335056,3762,530
item_get_by_wire.bin.json,treasure_cu026,256,replacement_item_id,6131,6131,Nutriment of the Conquering Emperor,225279,450,531
item_get_by_wire.bin.json,treasure_cu027,257,replacement_item_id,5515,5515,Yakisoba Mochichi,663929,184,532
item_get_by_wire.bin.json,treasure_cu028,258,replacement_item_id,6259,6259,Stamina XX,273351,155,533
item_get_by_wire.bin.json,treasure_cu029,259,replacement_item_id,6259,6259,Stamina XX,118237,432,534
item_get_by_wire.bin.json,treasure_cu030,260,replacement_item_id,6043,6043,The Practical Guide to Cooperative Fighting,26099,1033,535
agent_skills,aston_hp_up01,992,replacement_item_id,6022,6022,Ceremonial Oath Sake Cup (Sakura),286375,109,536
agent_skills,aston_hp_up02,993,replacement_item_id,5502,5502,Oden,137689,372,537
agent_skills,aston_hp_up03,994,replacement_item_id,5925,5925,Okonomiyaki (Mentai Mayo),59105,1211,538
agent_skills,aston_hp_up04,995,replacement_item_id,5366,5366,Seven Stars,193754,419,539
agent_skills,aston_hp_up05,996,replacement_item_id,5845,5845,Green Onion Akashiyaki,191192,453,540
agent_skills,aston_hp_up06,997,replacement_item_id,5516,5516,Wakame Ramen Sesame Soy Sauce,172423,353,541
agent_skills,aston_hp_up07,998,replacement_item_id,5324,5324,Toughness Z,26259,114,542
agent_skills,aston_hp_up08,999,replacement_item_id,5924,5924,Okonomiyaki (Mochi & Cheese),30683,361,543
agent_skills,aston_dmg_up01,1000,replacement_item_id,6042,6042,The Basic Guide to Cooperative Fighting,758513,596,544
agent_skills,aston_dmg_up02,1001,replacement_item_id,6259,6259,Stamina XX,75507,333,545
agent_skills,aston_dmg_up03,1002,replacement_item_id,5940,5940,Bust Amulet,90716,2944,546
agent_skills,aston_dmg_up04,1003,replacement_item_id,5438,5438,Midnight Ring,74966,3195,547
agent_skills,aston_dmg_up05,1004,replacement_item_id,5374,5374,Paper Plate,67418,371,548
agent_skills,aston_dmg_up06,1005,replacement_item_id,5500,5500,Fresh Lettuce Sandwich,197116,151,549
agent_skills,aston_dmg_up07,1006,replacement_item_id,5500,5500,Fresh Lettuce Sandwich,16134,241,550
agent_skills,aston_dmg_up08,1007,replacement_item_id,5450,5450,Royal Joker Card,10422,3949,551
agent_skills,aston_heatgauge_up01,1008,replacement_item_id,5371,5371,Silver Plate,329494,717,552
agent_skills,aston_heatgauge_up02,1009,replacement_item_id,6259,6259,Stamina XX,125825,709,553
agent_skills,aston_heatgauge_up03,1010,replacement_item_id,6013,6013,Quality Egg,270850,535,554
agent_skills,aston_heatgauge_up04,1011,replacement_item_id,5508,5508,Sushi Set,41915,836,555
agent_skills,aston_uhdmg_up01,1012,replacement_item_id,5729,5729,Suntory Goma Mugicha,140414,511,556
agent_skills,aston_uhdmg_up02,1013,replacement_item_id,5508,5508,Sushi Set,453558,1710,557
agent_skills,aston_all_addhact01,1016,replacement_item_id,5711,5711,Nozaki's Corned Beef,115273,1721,558
agent_skills,aston_skl_dygmr,1017,replacement_item_id,5501,5501,Tuna & Egg Sandwich,553119,364,559
agent_skills,aston_skl_dyguhdmgup,1018,replacement_item_id,5846,5846,Shockin' Takoyaki,26631,794,560
agent_skills,aston_skl_dyguhunstp,1019,replacement_item_id,5844,5844,Renowned Akashiyaki,539980,425,561
agent_skills,aston_skl_uhimm,1020,replacement_item_id,5578,5578,Smile Salad (Takeout),47042,2474,562
agent_skills,aston_skl_dwnprv,1021,replacement_item_id,5501,5501,Tuna & Egg Sandwich,49782,256,563
agent_skills,aston_skl_allprv,1022,replacement_item_id,5731,5731,C.C. Lemon,54055,281,564
agent_skills,aston_skl_dyghgup,1023,replacement_item_id,5991,5991,Toughness Infinity,175208,2829,565
agent_skills,aston_skl_smoke,1024,replacement_item_id,5504,5504,Special Yakisoba,257988,366,566
agent_skills,aston_skl_alcohol_hg01,1025,replacement_item_id,6022,6022,Ceremonial Oath Sake Cup (Sakura),5936,1708,567
agent_skills,aston_skl_alcohol_hg02,1026,replacement_item_id,6261,6261,Taurener Maximum,16182,269,568
agent_skills,aston_skl_alcohol_uh01,1027,replacement_item_id,5517,5517,Wonton Harusame,36923,3467,569
agent_skills,aston_skl_alcohol_uh02,1028,replacement_item_id,6042,6042,The Basic Guide to Cooperative Fighting,221098,632,570
agent_skills,aston_skl_eqp01,1029,replacement_item_id,5324,5324,Toughness Z,503765,632,571
agent_skills,aston_skl_eqp02,1030,replacement_item_id,5514,5514,Super Cup 1.5x Pork Kimchi Ramen,187922,1465,572
agent_skills,aston_skl_eqp03,1031,replacement_item_id,5729,5729,Suntory Goma Mugicha,8535,284,573
agent_skills,aston_skl_eat01,1032,replacement_item_id,5708,5708,Pine Candy,137703,813,574
agent_skills,aston_ory_fnsb01,1034,replacement_item_id,5448,5448,Blackjack Amulet,7180,849,575
agent_skills,aston_ory_fnsh01,1035,replacement_item_id,5328,5328,Staminan Spark,179811,406,576
agent_skills,aston_ory_dblswy,1036,replacement_item_id,5516,5516,Wakame Ramen Sesame Soy Sauce,28566,417,577
agent_skills,aston_ory_dwnatk,1037,replacement_item_id,5990,5990,Toughness ZZ,46567,486,578
agent_skills,aston_ory_swayat,1038,replacement_item_id,5368,5368,Pocket Tissues,363862,745,579
agent_skills,aston_ory_rev02,1040,replacement_item_id,5450,5450,Royal Joker Card,6336,410,580
agent_skills,aston_ory_cntr,1041,replacement_item_id,5518,5518,Drink to the Last Drop Dandan Noodles,121537,1075,581
agent_skills,aston_ory_addhact01,1045,replacement_item_id,5709,5709,Oragamachi Natto,75888,526,582
agent_skills,aston_ory_addhact02,1046,replacement_item_id,6259,6259,Stamina XX,41319,240,583
agent_skills,aston_ory_addhact03,1047,replacement_item_id,5725,5725,Premium BOSS,274497,733,584
agent_skills,aston_ory_addhact04,1048,replacement_item_id,6263,6263,Nourishment of the Seaking,78480,1391,585
agent_skills,aston_agt_grd01,1051,replacement_item_id,5452,5452,Nine Gates Tile,496837,1932,586
agent_skills,aston_agt_jstswyatk01,1052,replacement_item_id,6020,6020,Ceremonial Oath Sake Cup (Bamboo),214312,804,587
agent_skills,aston_agt_dwnccl,1053,replacement_item_id,6262,6262,Tougheness ZZ,24848,442,588
agent_skills,aston_agt_swayat,1054,replacement_item_id,5432,5432,Heart Earrings,43949,343,589
agent_skills,aston_agt_addhact01,1055,replacement_item_id,5446,5446,Ten-Ten-One Charm,14577,225,590
agent_skills,aston_agt_addhact02,1056,replacement_item_id,5737,5737,Vitamin Water,495507,623,591
agent_skills,aston_agt_addhact03,1057,replacement_item_id,5712,5712,ZONe,254477,562,592
agent_skills,aston_agt_addhact04,1058,replacement_item_id,5435,5435,Prima Heart Earrings,44698,313,593
agent_skills,aston_hp_kiwami_up01,1059,replacement_item_id,5726,5726,BOSS Light Sugar,9174,1258,594
agent_skills,aston_hp_kiwami_up02,1060,replacement_item_id,5844,5844,Renowned Akashiyaki,25854,211,595
agent_skills,aston_hp_kiwami_up03,1061,replacement_item_id,6045,6045,The Secret Ultimate Guide to Cooperative Fighting,967401,483,596
agent_skills,aston_hp_kiwami_up04,1062,replacement_item_id,6264,6264,Refressment of the Sky King,239488,302,597
agent_skills,aston_hp_kiwami_up05,1063,replacement_item_id,5511,5511,Imuraya Pizza Bun,531380,222,598
agent_skills,aston_hp_kiwami_up06,1064,replacement_item_id,5845,5845,Green Onion Akashiyaki,23106,503,599
agent_skills,aston_hp_kiwami_up07,1065,replacement_item_id,5502,5502,Oden,20238,652,600
agent_skills,aston_hp_kiwami_up08,1066,replacement_item_id,5508,5508,Sushi Set,80273,1117,601
agent_skills,aston_hp_kiwami_up09,1067,replacement_item_id,5440,5440,Luxury Timepiece,6976,1426,602
agent_skills,aston_hp_kiwami_up10,1068,replacement_item_id,5732,5732,Mountain Dew,23124,421,603
agent_skills,aston_hp_kiwami_up11,1069,replacement_item_id,5922,5922,Stretchtopus Mocheese,87633,280,604
agent_skills,aston_hp_kiwami_up12,1070,replacement_item_id,5503,5503,Bento Lunch Set,482502,3486,605
agent_skills,aston_hp_kiwami_up13,1071,replacement_item_id,5577,5577,Smile Shake (Takeout),42933,1251,606
agent_skills,aston_hp_kiwami_up14,1072,replacement_item_id,6043,6043,The Practical Guide to Cooperative Fighting,30546,410,607
agent_skills,aston_hp_kiwami_up15,1073,replacement_item_id,5517,5517,Wonton Harusame,97613,1306,608
agent_skills,aston_dmg_kiwami_up01,1074,replacement_item_id,5434,5434,White Pearl Earrings,407844,349,609
agent_skills,aston_dmg_kiwami_up02,1075,replacement_item_id,5516,5516,Wakame Ramen Sesame Soy Sauce,281013,1652,610
agent_skills,aston_dmg_kiwami_up03,1076,replacement_item_id,5732,5732,Mountain Dew,248293,1101,611
agent_skills,aston_dmg_kiwami_up04,1077,replacement_item_id,5430,5430,Teardrop Earrings,80054,177,612
agent_skills,aston_dmg_kiwami_up05,1078,replacement_item_id,5430,5430,Teardrop Earrings,61897,367,613
agent_skills,aston_dmg_kiwami_up06,1079,replacement_item_id,5439,5439,Shiny Flower Ring,273546,497,614
agent_skills,aston_dmg_kiwami_up07,1080,replacement_item_id,5323,5323,Toughness Light,19685,839,615
agent_skills,aston_dmg_kiwami_up08,1081,replacement_item_id,5391,5391,Kitty Kat (Tiger),48600,948,616
agent_skills,aston_dmg_kiwami_up09,1082,replacement_item_id,5324,5324,Toughness Z,246764,440,617
agent_skills,aston_dmg_kiwami_up10,1083,replacement_item_id,5507,5507,Luxury Yakiniku Bento,481000,1655,618
agent_skills,aston_skl_eat02,1084,replacement_item_id,5735,5735,Suntory Mineral Water,79270,456,619
agent_skills,aston_skl_eat03,1085,replacement_item_id,5450,5450,Royal Joker Card,48049,297,620
agent_skills,aston_ory_dmgupskl1,1086,replacement_item_id,5512,5512,Imuraya Gold Steamed Bun,409147,1067,621
agent_skills,aston_ory_dmgupskl2,1087,replacement_item_id,6262,6262,Tougheness ZZ,957981,848,622
agent_skills,aston_ory_grpdrev,1088,replacement_item_id,5438,5438,Midnight Ring,88238,1409,623
agent_skills,aston_ory_grdrev,1089,replacement_item_id,5708,5708,Pine Candy,74396,1991,624
agent_skills,aston_ory_mr2,1090,replacement_item_id,6013,6013,Quality Egg,5242,279,625
agent_skills,aston_agt_trpswy,1091,replacement_item_id,5732,5732,Mountain Dew,269995,1735,626
agent_skills,aston_agt_swyupskl1,1092,replacement_item_id,5729,5729,Suntory Goma Mugicha,214648,188,627
agent_skills,aston_agt_swyupskl2,1093,replacement_item_id,5915,5915,Hokkaido Azuki Bar,7803,2181,628
agent_skills,aston_agt_jstswyatk02,1094,replacement_item_id,5996,5996,Staminan Royale,225988,312,629
agent_skills,aston_agt_grpdrev,1095,replacement_item_id,6258,6258,Tooghness Infinity,67661,758,630
agent_skills,aston_agt_mr2,1096,replacement_item_id,5509,5509,Imuraya Steamed Bun,86806,175,631
agent_skills,aston_agt_wiratk1,1097,replacement_item_id,5843,5843,Takoyaki with Large Octopus,245619,198,632
agent_skills,aston_agt_wiratk2,1098,replacement_item_id,5709,5709,Oragamachi Natto,298524,1363,633
agent_skills,ggt_wire01,1099,replacement_item_id,5497,5497,Seaweed Onigiri,126168,184,634
agent_skills,ggt_wire02,1100,replacement_item_id,5366,5366,Seven Stars,1462,4950,635
agent_skills,ggt_wire03,1101,replacement_item_id,5366,5366,Seven Stars,684110,239,636
agent_skills,ggt_wire04,1102,replacement_item_id,5922,5922,Stretchtopus Mocheese,55354,188,637
agent_skills,ggt_bomb01,1103,replacement_item_id,6044,6044,The Advanced Guide to Cooperative Fighting,281237,1251,638
agent_skills,ggt_bomb02,1104,replacement_item_id,5366,5366,Seven Stars,72349,111,639
agent_skills,ggt_bomb03,1105,replacement_item_id,5504,5504,Special Yakisoba,210489,1032,640
agent_skills,ggt_bomb04,1106,replacement_item_id,5577,5577,Smile Shake (Takeout),26964,413,641
agent_skills,ggt_drone01,1107,replacement_item_id,5499,5499,Salmon Onigiri,148167,543,642
agent_skills,ggt_drone02,1108,replacement_item_id,5372,5372,Bronze Plate,490156,2515,643
agent_skills,ggt_drone03,1109,replacement_item_id,5441,5441,High-end Timepiece,182310,183,644
agent_skills,ggt_drone04,1110,replacement_item_id,5940,5940,Bust Amulet,263241,335,645
agent_skills,ggt_shoes01,1111,replacement_item_id,6020,6020,Ceremonial Oath Sake Cup (Bamboo),33516,478,646
agent_skills,ggt_shoes02,1112,replacement_item_id,5368,5368,Pocket Tissues,55465,431,647
agent_skills,ggt_shoes03,1113,replacement_item_id,6013,6013,Quality Egg,56722,310,648
agent_skills,ggt_shoes04,1114,replacement_item_id,5976,5976,Chu-Chu Tako Doll (Takoyaki),72136,795,649
agent_skills,aston_skl_infeatalc,1115,replacement_item_id,5441,5441,High-end Timepiece,77654,425,650
agent_skills,aston_agt_wiratk0,1116,replacement_item_id,6013,6013,Quality Egg,15788,2417,651
agent_skills,ggt_wire_plus1,1117,replacement_item_id,6265,6265,Nutrement of the Conquering Emperor,176422,1484,652
agent_skills,ggt_wire_plus2,1118,replacement_item_id,5995,5995,Staminan XX,606401,417,653
agent_skills,ggt_drone_plus1,1119,replacement_item_id,5445,5445,Triple Yokan,80293,1796,654
agent_skills,prog_hp_up,1120,replacement_item_id,5555,5555,Ichiban Senbei (Shoyu),48529,270,655
agent_skills,prog_dmg_up,1121,replacement_item_id,5915,5915,Hokkaido Azuki Bar,172690,121,656
agent_skills,prog_heat_up,1122,replacement_item_id,5498,5498,Tuna Onigiri,341359,851,657
agent_skills,prog_exh_dmg_up,1123,replacement_item_id,5503,5503,Bento Lunch Set,50991,481,658
agent_skills,prog_drunk_heat_up,1124,replacement_item_id,5711,5711,Nozaki's Corned Beef,42361,236,659
agent_skills,prog_drunk_attack_heat_up,1125,replacement_item_id,5521,5521,Sake,75236,248,660
agent_skills,prog_equip_up,1126,replacement_item_id,5447,5447,Lucky Hanafuda Card,42046,1508,661
agent_skills,prog_rec_food,1127,replacement_item_id,5518,5518,Drink to the Last Drop Dandan Noodles,21978,1537,662
agent_skills,prog_heat_action_ex_up,1128,replacement_item_id,6260,6260,Staminan Royalle,51648,196,663
agent_skills,prog_evasion_ex_up,1129,replacement_item_id,5711,5711,Nozaki's Corned Beef,43112,160,664
agent_skills,prog_wire,1130,replacement_item_id,5506,5506,Healthy Balanced Bento,228429,656,665
agent_skills,prog_bomb,1131,replacement_item_id,5373,5373,Iron Plate,53388,2593,666
agent_skills,prog_drone,1132,replacement_item_id,5505,5505,Pork Tonkatsu Bento,6406,3332,667
agent_skills,prog_shoe_boost,1133,replacement_item_id,5940,5940,Bust Amulet,203565,191,668
reward_table.bin.json,pokecir,89,replacement_item_id,6263,6263,Nourishment of the Seaking,41913,1782,676
outfits,outfit_location,2,replacement_item_id,5578,5578,Smile Salad (Takeout),78278,172,807
outfits,outfit_location,3,replacement_item_id,6258,6258,Tooghness Infinity,43015,337,808
outfits,outfit_location,4,replacement_item_id,6044,6044,The Advanced Guide to Cooperative Fighting,49401,1123,809
outfits,outfit_location,5,replacement_item_id,5990,5990,Toughness ZZ,18537,394,810
outfits,outfit_location,6,replacement_item_id,5503,5503,Bento Lunch Set,63354,1200,811
outfits,outfit_location,7,replacement_item_id,5512,5512,Imuraya Gold Steamed Bun,187954,2613,812
outfits,outfit_location,8,replacement_item_id,5445,5445,Triple Yokan,61896,387,813
outfits,outfit_location,9,replacement_item_id,5511,5511,Imuraya Pizza Bun,242117,1665,814
outfits,outfit_location,11,replacement_item_id,5513,5513,Imuraya Curry Bun,33179,345,815
outfits,outfit_location,12,replacement_item_id,5568,5568,Imuraya Yokan,66269,164,816
outfits,outfit_location,13,replacement_item_id,6264,6264,Refressment of the Sky King,15637,159,817
outfits,outfit_location,14,replacement_item_id,5846,5846,Shockin' Takoyaki,367362,388,818
outfits,outfit_location,16,replacement_item_id,5710,5710,SEGA Taiyaki,17882,245,819
outfits,outfit_location,17,replacement_item_id,5509,5509,Imuraya Steamed Bun,557637,268,820
outfits,outfit_location,18,replacement_item_id,5505,5505,Pork Tonkatsu Bento,86209,1585,821
outfits,outfit_location,21,replacement_item_id,5916,5916,Taiyaki Ice Cream,289755,158,822
outfits,outfit_location,22,replacement_item_id,5445,5445,Triple Yokan,669015,1194,823
outfits,outfit_location,23,replacement_item_id,5726,5726,BOSS Light Sugar,47128,135,824
outfits,outfit_location,24,replacement_item_id,6260,6260,Staminan Royalle,484428,147,825
outfits,outfit_location,27,replacement_item_id,5327,5327,Staminan X,48981,332,826
outfits,outfit_location,28,replacement_item_id,5517,5517,Wonton Harusame,66539,1517,827
outfits,outfit_location,31,replacement_item_id,6044,6044,The Advanced Guide to Cooperative Fighting,315419,323,828
outfits,outfit_location,32,replacement_item_id,5434,5434,White Pearl Earrings,324885,1959,829
outfits,outfit_location,33,replacement_item_id,5518,5518,Drink to the Last Drop Dandan Noodles,3532,380,830
outfits,outfit_location,34,replacement_item_id,5516,5516,Wakame Ramen Sesame Soy Sauce,648881,262,831
outfits,outfit_location,36,replacement_item_id,5506,5506,Healthy Balanced Bento,20832,378,832
outfits,outfit_location,37,replacement_item_id,6131,6131,Nutriment of the Conquering Emperor,344296,487,833
outfits,outfit_location,39,replacement_item_id,6130,6130,Refreshment of the Sky King,16828,288,834
outfits,outfit_location,40,replacement_item_id,6045,6045,The Secret Ultimate Guide to Cooperative Fighting,21607,376,835
outfits,outfit_location,41,replacement_item_id,5328,5328,Staminan Spark,1258,1714,836
outfits,outfit_location,42,replacement_item_id,5557,5557,Ichiban Fried Senbei,16515,725,837
outfits,outfit_location,43,replacement_item_id,5510,5510,Imuraya Bean Paste Bun,144842,245,838
outfits,outfit_location,45,replacement_item_id,5326,5326,Staminan Light,21419,1118,839
outfits,outfit_location,46,replacement_item_id,6013,6013,Quality Egg,44613,201,840
outfits,outfit_location,47,replacement_item_id,5430,5430,Teardrop Earrings,56593,584,841
outfits,outfit_location,48,replacement_item_id,6130,6130,Refreshment of the Sky King,126589,1727,842
outfits,outfit_location,49,replacement_item_id,5405,5405,Ono Michio Pixel Figure,63670,102,843
outfits,outfit_location,50,replacement_item_id,5729,5729,Suntory Goma Mugicha,245223,1636,844
outfits,outfit_location,51,replacement_item_id,5576,5576,Smile Fries (Takeout),63260,111,845
outfits,outfit_location,53,replacement_item_id,5326,5326,Staminan Light,3936,1075,846
outfits,outfit_location,55,replacement_item_id,6129,6129,Nourishment of the Sea King,345738,4125,847
outfits,outfit_location,56,replacement_item_id,6259,6259,Stamina XX,55723,1550,848
outfits,outfit_location,57,replacement_item_id,5434,5434,White Pearl Earrings,82598,174,849
outfits,outfit_location,58,replacement_item_id,5923,5923,Okonomiyaki,221956,476,850
outfits,outfit_location,60,replacement_item_id,6130,6130,Refreshment of the Sky King,279625,448,851
outfits,outfit_location,61,replacement_item_id,5711,5711,Nozaki's Corned Beef,321554,113,852
outfits,outfit_location,62,replacement_item_id,5371,5371,Silver Plate,815207,345,853
outfits,outfit_location,63,replacement_item_id,5845,5845,Green Onion Akashiyaki,37751,1361,854
outfits,outfit_location,64,replacement_item_id,5940,5940,Bust Amulet,39648,269,855
outfits,outfit_location,65,replacement_item_id,6013,6013,Quality Egg,3852,403,856
outfits,outfit_location,67,replacement_item_id,5726,5726,BOSS Light Sugar,21108,198,857
outfits,outfit_location,68,replacement_item_id,5502,5502,Oden,32162,3966,858
outfits,outfit_location,69,replacement_item_id,5846,5846,Shockin' Takoyaki,74775,1387,859
outfits,outfit_location,70,replacement_item_id,6258,6258,Tooghness Infinity,61382,330,860
outfits,outfit_location,71,replacement_item_id,6265,6265,Nutrement of the Conquering Emperor,13155,535,861
outfits,outfit_location,72,replacement_item_id,5326,5326,Staminan Light,7739,4626,862
outfits,outfit_location,73,replacement_item_id,6043,6043,The Practical Guide to Cooperative Fighting,419908,453,863
outfits,outfit_location,74,replacement_item_id,5712,5712,ZONe,938458,316,864
outfits,outfit_location,76,replacement_item_id,5512,5512,Imuraya Gold Steamed Bun,71251,549,865
outfits,outfit_location,77,replacement_item_id,5391,5391,Kitty Kat (Tiger),296608,212,866
reward_table.bin.json,darts,9,replacement_item_id,5438,5438,Midnight Ring,227004,153,875
reward_table.bin.json,darts,10,replacement_item_id,5374,5374,Paper Plate,80437,1560,876
reward_table.bin.json,darts,11,replacement_item_id,5324,5324,Toughness Z,47532,1624,877
reward_table.bin.json,darts,12,replacement_item_id,6043,6043,The Practical Guide to Cooperative Fighting,242165,313,878
reward_table.bin.json,darts,13,replacement_item_id,5372,5372,Bronze Plate,61996,114,879
reward_table.bin.json,darts,14,replacement_item_id,5843,5843,Takoyaki with Large Octopus,72738,1448,880
reward_table.bin.json,darts,15,replacement_item_id,5576,5576,Smile Fries (Takeout),958333,2256,881
reward_table.bin.json,darts,16,replacement_item_id,5708,5708,Pine Candy,56505,163,882
reward_table.bin.json,darts,17,replacement_item_id,5729,5729,Suntory Goma Mugicha,78591,919,883
reward_table.bin.json,darts,18,replacement_item_id,5440,5440,Luxury Timepiece,139168,104,884
reward_table.bin.json,treasure_contents_table,323,replacement_item_id,5324,5324,Toughness Z,67644,457,1025
reward_table.bin.json,treasure_contents_table,324,replacement_item_id,5994,5994,Tauriner Maximum,31041,269,1026
reward_table.bin.json,treasure_contents_table,325,replacement_item_id,5844,5844,Renowned Akashiyaki,17588,457,1027
reward_table.bin.json,treasure_contents_table,326,replacement_item_id,5446,5446,Ten-Ten-One Charm,366150,455,1028
reward_table.bin.json,treasure_contents_table,327,replacement_item_id,5327,5327,Staminan X,262885,4133,1029
reward_table.bin.json,treasure_contents_table,328,replacement_item_id,5843,5843,Takoyaki with Large Octopus,72752,671,1030
reward_table.bin.json,treasure_contents_table,329,replacement_item_id,5369,5369,Platinum Plate,498980,1409,1031
reward_table.bin.json,treasure_contents_table,330,replacement_item_id,5500,5500,Fresh Lettuce Sandwich,52069,371,1032
reward_table.bin.json,treasure_contents_table,331,replacement_item_id,5575,5575,Teriyaki Smile Burger (Takeout),256232,1681,1033
reward_table.bin.json,treasure_contents_table,332,replacement_item_id,5915,5915,Hokkaido Azuki Bar,4668,194,1034
reward_table.bin.json,treasure_contents_table,333,replacement_item_id,5996,5996,Staminan Royale,57819,336,1035
reward_table.bin.json,treasure_contents_table,334,replacement_item_id,6258,6258,Tooghness Infinity,989817,421,1036
reward_table.bin.json,treasure_contents_table,335,replacement_item_id,5508,5508,Sushi Set,18884,197,1037
reward_table.bin.json,treasure_contents_table,336,replacement_item_id,5914,5914,Azuki Bar BOX,180613,663,1038
reward_table.bin.json,treasure_contents_table,337,replacement_item_id,5497,5497,Seaweed Onigiri,312979,542,1039
reward_table.bin.json,treasure_contents_table,338,replacement_item_id,6265,6265,Nutrement of the Conquering Emperor,56552,707,1040
reward_table.bin.json,treasure_contents_table,339,replacement_item_id,5976,5976,Chu-Chu Tako Doll (Takoyaki),71894,189,1041
reward_table.bin.json,treasure_contents_table,340,replacement_item_id,5733,5733,Natchan! Orange,60736,2483,1042
reward_table.bin.json,treasure_contents_table,341,replacement_item_id,5373,5373,Iron Plate,796886,364,1043
reward_table.bin.json,treasure_contents_table,342,replacement_item_id,5446,5446,Ten-Ten-One Charm,75863,356,1044
reward_table.bin.json,treasure_contents_table,343,replacement_item_id,6021,6021,Ceremonial Oath Sake Cup (Plum),125735,593,1045
reward_table.bin.json,treasure_contents_table,344,replacement_item_id,5914,5914,Azuki Bar BOX,72483,1130,1046
reward_table.bin.json,treasure_contents_table,345,replacement_item_id,5323,5323,Toughness Light,333977,1575,1047
reward_table.bin.json,treasure_contents_table,346,replacement_item_id,5578,5578,Smile Salad (Takeout),180124,1577,1048
reward_table.bin.json,treasure_contents_table,347,replacement_item_id,5574,5574,Smile Burger (Takeout),58126,1006,1049
reward_table.bin.json,treasure_contents_table,348,replacement_item_id,5513,5513,Imuraya Curry Bun,74827,894,1050
reward_table.bin.json,treasure_contents_table,349,replacement_item_id,5727,5727,Suntory Oolong Tea,73521,359,1051
reward_table.bin.json,treasure_contents_table,350,replacement_item_id,5726,5726,BOSS Light Sugar,70041,275,1052
reward_table.bin.json,treasure_contents_table,351,replacement_item_id,5556,5556,Ichiban Senbei (Salt),18343,294,1053
reward_table.bin.json,treasure_contents_table,352,replacement_item_id,5994,5994,Tauriner Maximum,188043,3223,1054
reward_table.bin.json,treasure_contents_table,353,replacement_item_id,5371,5371,Silver Plate,187890,402,1055
reward_table.bin.json,treasure_contents_table,354,replacement_item_id,5737,5737,Vitamin Water,117822,1075,1056
reward_table.bin.json,treasure_contents_table,355,replacement_item_id,6131,6131,Nutriment of the Conquering Emperor,298141,1054,1057
reward_table.bin.json,treasure_contents_table,356,replacement_item_id,6022,6022,Ceremonial Oath Sake Cup (Sakura),52825,423,1058
reward_table.bin.json,treasure_contents_table,357,replacement_item_id,5557,5557,Ichiban Fried Senbei,58713,3609,1059
reward_table.bin.json,treasure_contents_table,358,replacement_item_id,5436,5436,Star Crossed Earrings,312304,1308,1060
reward_table.bin.json,treasure_contents_table,359,replacement_item_id,6130,6130,Refreshment of the Sky King,12154,572,1061
reward_table.bin.json,treasure_contents_table,360,replacement_item_id,5439,5439,Shiny Flower Ring,70037,335,1062
reward_table.bin.json,treasure_contents_table,361,replacement_item_id,5709,5709,Oragamachi Natto,147047,211,1063
reward_table.bin.json,treasure_contents_table,362,replacement_item_id,6021,6021,Ceremonial Oath Sake Cup (Plum),41630,881,1064
reward_table.bin.json,treasure_contents_table,363,replacement_item_id,6265,6265,Nutrement of the Conquering Emperor,115247,447,1065
reward_table.bin.json,treasure_contents_table,364,replacement_item_id,5327,5327,Staminan X,279825,391,1066
reward_table.bin.json,treasure_contents_table,365,replacement_item_id,5431,5431,Trinity Circle Earrings,8847,3094,1067
reward_table.bin.json,treasure_contents_table,366,replacement_item_id,5366,5366,Seven Stars,80826,1689,1068
reward_table.bin.json,treasure_contents_table,367,replacement_item_id,5446,5446,Ten-Ten-One Charm,40119,408,1069
reward_table.bin.json,treasure_contents_table,368,replacement_item_id,5372,5372,Bronze Plate,63336,1763,1070
reward_table.bin.json,treasure_contents_table,369,replacement_item_id,6021,6021,Ceremonial Oath Sake Cup (Plum),207361,2190,1071
reward_table.bin.json,treasure_contents_table,370,replacement_item_id,5509,5509,Imuraya Steamed Bun,244964,1520,1072
reward_table.bin.json,treasure_contents_table,371,replacement_item_id,5374,5374,Paper Plate,199089,412,1073
reward_table.bin.json,treasure_contents_table,372,replacement_item_id,5976,5976,Chu-Chu Tako Doll (Takoyaki),423437,1131,1074
reward_table.bin.json,treasure_contents_table,373,replacement_item_id,6130,6130,Refreshment of the Sky King,213985,962,1075
reward_table.bin.json,treasure_contents_table,374,replacement_item_id,6131,6131,Nutriment of the Conquering Emperor,194483,482,1076
reward_table.bin.json,treasure_contents_table,375,replacement_item_id,5517,5517,Wonton Harusame,63612,388,1077
reward_table.bin.json,treasure_contents_table,376,replacement_item_id,5327,5327,Staminan X,20634,122,1078
reward_table.bin.json,treasure_contents_table,378,replacement_item_id,6262,6262,Tougheness ZZ,18248,671,1079
reward_table.bin.json,treasure_contents_table,379,replacement_item_id,5513,5513,Imuraya Curry Bun,394488,184,1080
reward_table.bin.json,treasure_contents_table,380,replacement_item_id,5371,5371,Silver Plate,171772,128,1081
reward_table.bin.json,treasure_contents_table,381,replacement_item_id,5405,5405,Ono Michio Pixel Figure,6814,175,1082
reward_table.bin.json,treasure_contents_table,382,replacement_item_id,6259,6259,Stamina XX,73278,262,1083
reward_table.bin.json,treasure_contents_table,384,replacement_item_id,5328,5328,Staminan Spark,281666,752,1084
reward_table.bin.json,treasure_contents_table,386,replacement_item_id,5579,5579,Divine Water,46791,1309,1085
reward_table.bin.json,treasure_contents_table,387,replacement_item_id,5730,5730,Pepsi Nama,253313,389,1086
reward_table.bin.json,treasure_contents_table,388,replacement_item_id,5325,5325,Tauriner,196816,305,1087
reward_table.bin.json,treasure_contents_table,390,replacement_item_id,5734,5734,Natchan! Apple,62699,472,1088
reward_table.bin.json,treasure_contents_table,391,replacement_item_id,5436,5436,Star Crossed Earrings,525558,187,1089
reward_table.bin.json,treasure_contents_table,392,replacement_item_id,6262,6262,Tougheness ZZ,9701,275,1090
reward_table.bin.json,treasure_contents_table,396,replacement_item_id,5994,5994,Tauriner Maximum,8711,1179,1091
reward_table.bin.json,treasure_contents_table,397,replacement_item_id,6019,6019,Ceremonial Oath Sake Cup (Pine),159714,382,1092
reward_table.bin.json,treasure_contents_table,398,replacement_item_id,5575,5575,Teriyaki Smile Burger (Takeout),75231,154,1093
reward_table.bin.json,treasure_contents_table,399,replacement_item_id,5518,5518,Drink to the Last Drop Dandan Noodles,181925,3046,1094
reward_table.bin.json,treasure_contents_table,400,replacement_item_id,5730,5730,Pepsi Nama,324162,318,1095
reward_table.bin.json,treasure_contents_table,401,replacement_item_id,5327,5327,Staminan X,21072,2679,1096
reward_table.bin.json,treasure_contents_table,402,replacement_item_id,6129,6129,Nourishment of the Sea King,67988,4459,1097
reward_table.bin.json,treasure_contents_table,403,replacement_item_id,5844,5844,Renowned Akashiyaki,349169,1500,1098
reward_table.bin.json,treasure_contents_table,404,replacement_item_id,6018,6018,Mevius,188447,2336,1099
reward_table.bin.json,treasure_contents_table,405,replacement_item_id,5914,5914,Azuki Bar BOX,614258,3596,1100
reward_table.bin.json,treasure_contents_table,406,replacement_item_id,5922,5922,Stretchtopus Mocheese,395878,1366,1101
reward_table.bin.json,treasure_contents_table,407,replacement_item_id,6265,6265,Nutrement of the Conquering Emperor,45450,129,1102
reward_table.bin.json,treasure_contents_table,408,replacement_item_id,5430,5430,Teardrop Earrings,323215,289,1103
reward_table.bin.json,treasure_contents_table,409,replacement_item_id,6131,6131,Nutriment of the Conquering Emperor,24079,405,1104
reward_table.bin.json,treasure_contents_table,410,replacement_item_id,5732,5732,Mountain Dew,61369,1309,1105
reward_table.bin.json,treasure_contents_table,411,replacement_item_id,5506,5506,Healthy Balanced Bento,3264,1577,1106
reward_table.bin.json,treasure_contents_table,412,replacement_item_id,5442,5442,Standard Timepiece,33505,397,1107
reward_table.bin.json,treasure_contents_table,413,replacement_item_id,5990,5990,Toughness ZZ,59485,332,1108
reward_table.bin.json,treasure_contents_table,414,replacement_item_id,5845,5845,Green Onion Akashiyaki,300721,215,1109
reward_table.bin.json,treasure_contents_table,415,replacement_item_id,5430,5430,Teardrop Earrings,46916,1642,1110
reward_table.bin.json,treasure_contents_table,416,replacement_item_id,5509,5509,Imuraya Steamed Bun,103147,2642,1111
reward_table.bin.json,treasure_contents_table,417,replacement_item_id,5735,5735,Suntory Mineral Water,55447,1261,1112
reward_table.bin.json,treasure_contents_table,418,replacement_item_id,5577,5577,Smile Shake (Takeout),177204,1142,1113
reward_table.bin.json,treasure_contents_table,419,replacement_item_id,6262,6262,Tougheness ZZ,424851,458,1114
reward_table.bin.json,treasure_contents_table,420,replacement_item_id,5370,5370,Gold Plate,179866,3227,1115
reward_table.bin.json,treasure_contents_table,421,replacement_item_id,5577,5577,Smile Shake (Takeout),608466,168,1116
reward_table.bin.json,treasure_contents_table,422,replacement_item_id,5450,5450,Royal Joker Card,25253,437,1117
reward_table.bin.json,treasure_contents_table,423,replacement_item_id,5925,5925,Okonomiyaki (Mentai Mayo),55836,484,1118
reward_table.bin.json,treasure_contents_table,424,replacement_item_id,5994,5994,Tauriner Maximum,385202,138,1119
reward_table.bin.json,treasure_contents_table,425,replacement_item_id,5447,5447,Lucky Hanafuda Card,6264,945,1120
reward_table.bin.json,treasure_contents_table,426,replacement_item_id,5440,5440,Luxury Timepiece,772134,1699,1121
reward_table.bin.json,treasure_contents_table,427,replacement_item_id,5510,5510,Imuraya Bean Paste Bun,214250,1462,1122
reward_table.bin.json,treasure_contents_table,428,replacement_item_id,5976,5976,Chu-Chu Tako Doll (Takoyaki),598278,101,1123
reward_table.bin.json,treasure_contents_table,429,replacement_item_id,5430,5430,Teardrop Earrings,78279,1619,1124
reward_table.bin.json,treasure_contents_table,430,replacement_item_id,5509,5509,Imuraya Steamed Bun,516933,319,1125
reward_table.bin.json,treasure_contents_table,431,replacement_item_id,5915,5915,Hokkaido Azuki Bar,12319,530,1126
reward_table.bin.json,treasure_contents_table,432,replacement_item_id,5575,5575,Teriyaki Smile Burger (Takeout),273406,145,1127
reward_table.bin.json,treasure_contents_table,433,replacement_item_id,5323,5323,Toughness Light,230683,277,1128
reward_table.bin.json,treasure_contents_table,434,replacement_item_id,5391,5391,Kitty Kat (Tiger),692067,973,1129
reward_table.bin.json,treasure_contents_table,435,replacement_item_id,5372,5372,Bronze Plate,66255,4963,1130
reward_table.bin.json,treasure_contents_table,436,replacement_item_id,5708,5708,Pine Candy,348776,187,1131
reward_table.bin.json,treasure_contents_table,437,replacement_item_id,6044,6044,The Advanced Guide to Cooperative Fighting,70358,190,1132
reward_table.bin.json,treasure_contents_table,438,replacement_item_id,5556,5556,Ichiban Senbei (Salt),76676,434,1133
items.bin.json,aston_s_ebisuya,4,replacement_item_id,6263,6263,Nourishment of the Seaking,8116,2289,1134
items.bin.json,aston_s_billiards_prize,5,replacement_item_id,6130,6130,Refreshment of the Sky King,8985,127,1135
items.bin.json,aston_s_wannpark,6,replacement_item_id,5446,5446,Ten-Ten-One Charm,14538,1339,1136
items.bin.json,aston_y_shichiya,7,replacement_item_id,5736,5736,Suntory Sparkling Lemon Mineral Water,335260,255,1137
items.bin.json,aston_y_lovemagic,8,replacement_item_id,5846,5846,Shockin' Takoyaki,441628,359,1138
items.bin.json,aston_y_shogi,9,replacement_item_id,5434,5434,White Pearl Earrings,16903,480,1139
items.bin.json,aston_s_shogi,10,replacement_item_id,6020,6020,Ceremonial Oath Sake Cup (Bamboo),48700,265,1140
items.bin.json,aston_s_golf,11,replacement_item_id,6019,6019,Ceremonial Oath Sake Cup (Pine),267052,1177,1141
items.bin.json,aston_s_toba,12,replacement_item_id,5440,5440,Luxury Timepiece,20107,127,1142
items.bin.json,aston_y_toba,13,replacement_item_id,5557,5557,Ichiban Fried Senbei,46405,1933,1143
items.bin.json,aston_c_toba,14,replacement_item_id,5440,5440,Luxury Timepiece,31370,2536,1144
items.bin.json,aston_c_casino,15,replacement_item_id,5504,5504,Special Yakisoba,91908,1504,1145
items.bin.json,aston_c_boutique_equip,16,replacement_item_id,6258,6258,Tooghness Infinity,314108,1307,1146
items.bin.json,aston_c_boutique_vip,17,replacement_item_id,5509,5509,Imuraya Steamed Bun,56350,1016,1147
items.bin.json,aston_s_mizorogi_2,18,replacement_item_id,5374,5374,Paper Plate,856458,310,1148
items.bin.json,aston_s_poppo_park,19,replacement_item_id,5440,5440,Luxury Timepiece,286249,214,1149
items.bin.json,aston_s_poppo_west,20,replacement_item_id,5447,5447,Lucky Hanafuda Card,209897,328,1150
items.bin.json,aston_s_poppo_north,21,replacement_item_id,5436,5436,Star Crossed Earrings,385398,542,1151
items.bin.json,aston_y_poppo,22,replacement_item_id,5327,5327,Staminan X,347858,150,1152
items.bin.json,aston_s_kukuru,23,replacement_item_id,5996,5996,Staminan Royale,169918,226,1153
items.bin.json,aston_s_tsuruha,24,replacement_item_id,5727,5727,Suntory Oolong Tea,59308,1398,1154
items.bin.json,aston_s_hiratai,25,replacement_item_id,6045,6045,The Secret Ultimate Guide to Cooperative Fighting,85462,168,1155
items.bin.json,aston_s_shigano,26,replacement_item_id,5513,5513,Imuraya Curry Bun,33671,216,1156
items.bin.json,aston_y_smilewagon,27,replacement_item_id,5442,5442,Standard Timepiece,327061,289,1157
items.bin.json,aston_y_ichibann,28,replacement_item_id,5556,5556,Ichiban Senbei (Salt),6830,294,1158
